Year,Month,Month_name,Day_of_week,Day_type,Mode,Pax_daily
2018,1,Jan,Friday,School Holiday Weekday,Bus (Metropolitan),268350
2018,1,Jan,Friday,School Holiday Weekday,Train (Metropolitan),570700
2018,1,Jan,Friday,School Holiday Weekday,Bus (Regional),21550
2018,1,Jan,Friday,School Holiday Weekday,Train (Regional),43700
2018,1,Jan,Friday,School Holiday Weekday,Tram,529250
2018,1,Jan,Monday,Normal Weekday,Bus (Metropolitan),308450
2018,1,Jan,Monday,Normal Weekday,Train (Metropolitan),638350
2018,1,Jan,Monday,Normal Weekday,Bus (Regional),22600
2018,1,Jan,Monday,Normal Weekday,Train (Regional),47700
2018,1,Jan,Monday,Normal Weekday,Tram,534800
2018,1,Jan,Monday,School Holiday Weekday,Bus (Metropolitan),298500
2018,1,Jan,Monday,School Holiday Weekday,Train (Metropolitan),636150
2018,1,Jan,Monday,School Holiday Weekday,Bus (Regional),23150
2018,1,Jan,Monday,School Holiday Weekday,Train (Regional),49650
2018,1,Jan,Monday,School Holiday Weekday,Tram,562150
2018,1,Jan,Saturday,Weekend,Bus (Metropolitan),154100
2018,1,Jan,Saturday,Weekend,Train (Metropolitan),333700
2018,1,Jan,Saturday,Weekend,Bus (Regional),13100
2018,1,Jan,Saturday,Weekend,Train (Regional),20600
2018,1,Jan,Saturday,Weekend,Tram,393050
2018,1,Jan,Sunday,Weekend,Bus (Metropolitan),105100
2018,1,Jan,Sunday,Weekend,Train (Metropolitan),249600
2018,1,Jan,Sunday,Weekend,Bus (Regional),8600
2018,1,Jan,Sunday,Weekend,Train (Regional),18350
2018,1,Jan,Sunday,Weekend,Tram,325900
2018,1,Jan,Thursday,School Holiday Weekday,Bus (Metropolitan),298100
2018,1,Jan,Thursday,School Holiday Weekday,Train (Metropolitan),617350
2018,1,Jan,Thursday,School Holiday Weekday,Bus (Regional),24400
2018,1,Jan,Thursday,School Holiday Weekday,Train (Regional),47450
2018,1,Jan,Thursday,School Holiday Weekday,Tram,563600
2018,1,Jan,Tuesday,Normal Weekday,Bus (Metropolitan),359800
2018,1,Jan,Tuesday,Normal Weekday,Train (Metropolitan),729400
2018,1,Jan,Tuesday,Normal Weekday,Bus (Regional),26950
2018,1,Jan,Tuesday,Normal Weekday,Train (Regional),52550
2018,1,Jan,Tuesday,Normal Weekday,Tram,610600
2018,1,Jan,Tuesday,School Holiday Weekday,Bus (Metropolitan),295500
2018,1,Jan,Tuesday,School Holiday Weekday,Train (Metropolitan),618050
2018,1,Jan,Tuesday,School Holiday Weekday,Bus (Regional),23300
2018,1,Jan,Tuesday,School Holiday Weekday,Train (Regional),48050
2018,1,Jan,Tuesday,School Holiday Weekday,Tram,558300
2018,1,Jan,Wednesday,Normal Weekday,Bus (Metropolitan),400250
2018,1,Jan,Wednesday,Normal Weekday,Train (Metropolitan),716600
2018,1,Jan,Wednesday,Normal Weekday,Bus (Regional),31300
2018,1,Jan,Wednesday,Normal Weekday,Train (Regional),48600
2018,1,Jan,Wednesday,Normal Weekday,Tram,611100
2018,1,Jan,Wednesday,School Holiday Weekday,Bus (Metropolitan),299950
2018,1,Jan,Wednesday,School Holiday Weekday,Train (Metropolitan),630400
2018,1,Jan,Wednesday,School Holiday Weekday,Bus (Regional),24400
2018,1,Jan,Wednesday,School Holiday Weekday,Train (Regional),48750
2018,1,Jan,Wednesday,School Holiday Weekday,Tram,570050
2018,2,Feb,Friday,Normal Weekday,Bus (Metropolitan),449650
2018,2,Feb,Friday,Normal Weekday,Train (Metropolitan),784400
2018,2,Feb,Friday,Normal Weekday,Bus (Regional),39800
2018,2,Feb,Friday,Normal Weekday,Train (Regional),54050
2018,2,Feb,Friday,Normal Weekday,Tram,691500
2018,2,Feb,Monday,Normal Weekday,Bus (Metropolitan),462750
2018,2,Feb,Monday,Normal Weekday,Train (Metropolitan),770350
2018,2,Feb,Monday,Normal Weekday,Bus (Regional),40150
2018,2,Feb,Monday,Normal Weekday,Train (Regional),52950
2018,2,Feb,Monday,Normal Weekday,Tram,657250
2018,2,Feb,Saturday,Weekend,Bus (Metropolitan),186950
2018,2,Feb,Saturday,Weekend,Train (Metropolitan),428750
2018,2,Feb,Saturday,Weekend,Bus (Regional),15700
2018,2,Feb,Saturday,Weekend,Train (Regional),26000
2018,2,Feb,Saturday,Weekend,Tram,469550
2018,2,Feb,Sunday,Weekend,Bus (Metropolitan),117350
2018,2,Feb,Sunday,Weekend,Train (Metropolitan),284150
2018,2,Feb,Sunday,Weekend,Bus (Regional),9950
2018,2,Feb,Sunday,Weekend,Train (Regional),19050
2018,2,Feb,Sunday,Weekend,Tram,375550
2018,2,Feb,Thursday,Normal Weekday,Bus (Metropolitan),460750
2018,2,Feb,Thursday,Normal Weekday,Train (Metropolitan),777800
2018,2,Feb,Thursday,Normal Weekday,Bus (Regional),40400
2018,2,Feb,Thursday,Normal Weekday,Train (Regional),53800
2018,2,Feb,Thursday,Normal Weekday,Tram,672900
2018,2,Feb,Tuesday,Normal Weekday,Bus (Metropolitan),475950
2018,2,Feb,Tuesday,Normal Weekday,Train (Metropolitan),806800
2018,2,Feb,Tuesday,Normal Weekday,Bus (Regional),41750
2018,2,Feb,Tuesday,Normal Weekday,Train (Regional),56150
2018,2,Feb,Tuesday,Normal Weekday,Tram,686050
2018,2,Feb,Wednesday,Normal Weekday,Bus (Metropolitan),468400
2018,2,Feb,Wednesday,Normal Weekday,Train (Metropolitan),803550
2018,2,Feb,Wednesday,Normal Weekday,Bus (Regional),40800
2018,2,Feb,Wednesday,Normal Weekday,Train (Regional),58800
2018,2,Feb,Wednesday,Normal Weekday,Tram,692450
2018,3,Mar,Friday,Normal Weekday,Bus (Metropolitan),484100
2018,3,Mar,Friday,Normal Weekday,Train (Metropolitan),894550
2018,3,Mar,Friday,Normal Weekday,Bus (Regional),41950
2018,3,Mar,Friday,Normal Weekday,Train (Regional),59800
2018,3,Mar,Friday,Normal Weekday,Tram,792550
2018,3,Mar,Monday,Normal Weekday,Bus (Metropolitan),478600
2018,3,Mar,Monday,Normal Weekday,Train (Metropolitan),827100
2018,3,Mar,Monday,Normal Weekday,Bus (Regional),40500
2018,3,Mar,Monday,Normal Weekday,Train (Regional),58650
2018,3,Mar,Monday,Normal Weekday,Tram,718900
2018,3,Mar,Saturday,Weekend,Bus (Metropolitan),192850
2018,3,Mar,Saturday,Weekend,Train (Metropolitan),436850
2018,3,Mar,Saturday,Weekend,Bus (Regional),15600
2018,3,Mar,Saturday,Weekend,Train (Regional),29750
2018,3,Mar,Saturday,Weekend,Tram,493250
2018,3,Mar,Sunday,Weekend,Bus (Metropolitan),132150
2018,3,Mar,Sunday,Weekend,Train (Metropolitan),337300
2018,3,Mar,Sunday,Weekend,Bus (Regional),9750
2018,3,Mar,Sunday,Weekend,Train (Regional),24350
2018,3,Mar,Sunday,Weekend,Tram,377700
2018,3,Mar,Thursday,Normal Weekday,Bus (Metropolitan),494500
2018,3,Mar,Thursday,Normal Weekday,Train (Metropolitan),887300
2018,3,Mar,Thursday,Normal Weekday,Bus (Regional),43500
2018,3,Mar,Thursday,Normal Weekday,Train (Regional),62800
2018,3,Mar,Thursday,Normal Weekday,Tram,766750
2018,3,Mar,Tuesday,Normal Weekday,Bus (Metropolitan),493050
2018,3,Mar,Tuesday,Normal Weekday,Train (Metropolitan),860600
2018,3,Mar,Tuesday,Normal Weekday,Bus (Regional),43250
2018,3,Mar,Tuesday,Normal Weekday,Train (Regional),61050
2018,3,Mar,Tuesday,Normal Weekday,Tram,748800
2018,3,Mar,Wednesday,Normal Weekday,Bus (Metropolitan),496900
2018,3,Mar,Wednesday,Normal Weekday,Train (Metropolitan),865850
2018,3,Mar,Wednesday,Normal Weekday,Bus (Regional),43350
2018,3,Mar,Wednesday,Normal Weekday,Train (Regional),62250
2018,3,Mar,Wednesday,Normal Weekday,Tram,757900
2018,4,Apr,Friday,Normal Weekday,Bus (Metropolitan),465700
2018,4,Apr,Friday,Normal Weekday,Train (Metropolitan),856050
2018,4,Apr,Friday,Normal Weekday,Bus (Regional),40500
2018,4,Apr,Friday,Normal Weekday,Train (Regional),59350
2018,4,Apr,Friday,Normal Weekday,Tram,731500
2018,4,Apr,Friday,School Holiday Weekday,Bus (Metropolitan),367100
2018,4,Apr,Friday,School Holiday Weekday,Train (Metropolitan),807850
2018,4,Apr,Friday,School Holiday Weekday,Bus (Regional),27550
2018,4,Apr,Friday,School Holiday Weekday,Train (Regional),55400
2018,4,Apr,Friday,School Holiday Weekday,Tram,652150
2018,4,Apr,Monday,Normal Weekday,Bus (Metropolitan),454600
2018,4,Apr,Monday,Normal Weekday,Train (Metropolitan),797300
2018,4,Apr,Monday,Normal Weekday,Bus (Regional),39150
2018,4,Apr,Monday,Normal Weekday,Train (Regional),56250
2018,4,Apr,Monday,Normal Weekday,Tram,639350
2018,4,Apr,Monday,School Holiday Weekday,Bus (Metropolitan),372550
2018,4,Apr,Monday,School Holiday Weekday,Train (Metropolitan),757200
2018,4,Apr,Monday,School Holiday Weekday,Bus (Regional),26350
2018,4,Apr,Monday,School Holiday Weekday,Train (Regional),54600
2018,4,Apr,Monday,School Holiday Weekday,Tram,611850
2018,4,Apr,Saturday,Weekend,Bus (Metropolitan),184300
2018,4,Apr,Saturday,Weekend,Train (Metropolitan),407550
2018,4,Apr,Saturday,Weekend,Bus (Regional),13750
2018,4,Apr,Saturday,Weekend,Train (Regional),25200
2018,4,Apr,Saturday,Weekend,Tram,457600
2018,4,Apr,Sunday,Weekend,Bus (Metropolitan),124850
2018,4,Apr,Sunday,Weekend,Train (Metropolitan),344000
2018,4,Apr,Sunday,Weekend,Bus (Regional),8700
2018,4,Apr,Sunday,Weekend,Train (Regional),25000
2018,4,Apr,Sunday,Weekend,Tram,360450
2018,4,Apr,Thursday,Normal Weekday,Bus (Metropolitan),479050
2018,4,Apr,Thursday,Normal Weekday,Train (Metropolitan),845900
2018,4,Apr,Thursday,Normal Weekday,Bus (Regional),43800
2018,4,Apr,Thursday,Normal Weekday,Train (Regional),62050
2018,4,Apr,Thursday,Normal Weekday,Tram,715450
2018,4,Apr,Thursday,School Holiday Weekday,Bus (Metropolitan),375100
2018,4,Apr,Thursday,School Holiday Weekday,Train (Metropolitan),778400
2018,4,Apr,Thursday,School Holiday Weekday,Bus (Regional),28250
2018,4,Apr,Thursday,School Holiday Weekday,Train (Regional),58600
2018,4,Apr,Thursday,School Holiday Weekday,Tram,650600
2018,4,Apr,Tuesday,Normal Weekday,Bus (Metropolitan),473250
2018,4,Apr,Tuesday,Normal Weekday,Train (Metropolitan),886700
2018,4,Apr,Tuesday,Normal Weekday,Bus (Regional),42100
2018,4,Apr,Tuesday,Normal Weekday,Train (Regional),60950
2018,4,Apr,Tuesday,Normal Weekday,Tram,684300
2018,4,Apr,Tuesday,School Holiday Weekday,Bus (Metropolitan),356550
2018,4,Apr,Tuesday,School Holiday Weekday,Train (Metropolitan),736050
2018,4,Apr,Tuesday,School Holiday Weekday,Bus (Regional),26450
2018,4,Apr,Tuesday,School Holiday Weekday,Train (Regional),54000
2018,4,Apr,Tuesday,School Holiday Weekday,Tram,619750
2018,4,Apr,Wednesday,Normal Weekday,Bus (Metropolitan),480350
2018,4,Apr,Wednesday,Normal Weekday,Train (Metropolitan),854900
2018,4,Apr,Wednesday,Normal Weekday,Bus (Regional),42150
2018,4,Apr,Wednesday,Normal Weekday,Train (Regional),60750
2018,4,Apr,Wednesday,Normal Weekday,Tram,702850
2018,4,Apr,Wednesday,School Holiday Weekday,Bus (Metropolitan),371100
2018,4,Apr,Wednesday,School Holiday Weekday,Train (Metropolitan),762900
2018,4,Apr,Wednesday,School Holiday Weekday,Bus (Regional),27250
2018,4,Apr,Wednesday,School Holiday Weekday,Train (Regional),55750
2018,4,Apr,Wednesday,School Holiday Weekday,Tram,646200
2018,5,May,Friday,Normal Weekday,Bus (Metropolitan),408450
2018,5,May,Friday,Normal Weekday,Train (Metropolitan),828750
2018,5,May,Friday,Normal Weekday,Bus (Regional),36700
2018,5,May,Friday,Normal Weekday,Train (Regional),58750
2018,5,May,Friday,Normal Weekday,Tram,652250
2018,5,May,Monday,Normal Weekday,Bus (Metropolitan),423800
2018,5,May,Monday,Normal Weekday,Train (Metropolitan),789250
2018,5,May,Monday,Normal Weekday,Bus (Regional),38300
2018,5,May,Monday,Normal Weekday,Train (Regional),55800
2018,5,May,Monday,Normal Weekday,Tram,597750
2018,5,May,Saturday,Weekend,Bus (Metropolitan),197400
2018,5,May,Saturday,Weekend,Train (Metropolitan),418950
2018,5,May,Saturday,Weekend,Bus (Regional),14550
2018,5,May,Saturday,Weekend,Train (Regional),28950
2018,5,May,Saturday,Weekend,Tram,449850
2018,5,May,Sunday,Weekend,Bus (Metropolitan),136700
2018,5,May,Sunday,Weekend,Train (Metropolitan),309750
2018,5,May,Sunday,Weekend,Bus (Regional),8450
2018,5,May,Sunday,Weekend,Train (Regional),22700
2018,5,May,Sunday,Weekend,Tram,326350
2018,5,May,Thursday,Normal Weekday,Bus (Metropolitan),437800
2018,5,May,Thursday,Normal Weekday,Train (Metropolitan),814200
2018,5,May,Thursday,Normal Weekday,Bus (Regional),40550
2018,5,May,Thursday,Normal Weekday,Train (Regional),59150
2018,5,May,Thursday,Normal Weekday,Tram,647850
2018,5,May,Tuesday,Normal Weekday,Bus (Metropolitan),438950
2018,5,May,Tuesday,Normal Weekday,Train (Metropolitan),823150
2018,5,May,Tuesday,Normal Weekday,Bus (Regional),40250
2018,5,May,Tuesday,Normal Weekday,Train (Regional),56850
2018,5,May,Tuesday,Normal Weekday,Tram,630450
2018,5,May,Wednesday,Normal Weekday,Bus (Metropolitan),442900
2018,5,May,Wednesday,Normal Weekday,Train (Metropolitan),822200
2018,5,May,Wednesday,Normal Weekday,Bus (Regional),39750
2018,5,May,Wednesday,Normal Weekday,Train (Regional),58500
2018,5,May,Wednesday,Normal Weekday,Tram,639050
2018,6,Jun,Friday,Normal Weekday,Bus (Metropolitan),386150
2018,6,Jun,Friday,Normal Weekday,Train (Metropolitan),756000
2018,6,Jun,Friday,Normal Weekday,Bus (Regional),36350
2018,6,Jun,Friday,Normal Weekday,Train (Regional),54750
2018,6,Jun,Friday,Normal Weekday,Tram,628200
2018,6,Jun,Monday,Normal Weekday,Bus (Metropolitan),393000
2018,6,Jun,Monday,Normal Weekday,Train (Metropolitan),734850
2018,6,Jun,Monday,Normal Weekday,Bus (Regional),36900
2018,6,Jun,Monday,Normal Weekday,Train (Regional),52950
2018,6,Jun,Monday,Normal Weekday,Tram,585250
2018,6,Jun,Saturday,Weekend,Bus (Metropolitan),183600
2018,6,Jun,Saturday,Weekend,Train (Metropolitan),347300
2018,6,Jun,Saturday,Weekend,Bus (Regional),13250
2018,6,Jun,Saturday,Weekend,Train (Regional),24750
2018,6,Jun,Saturday,Weekend,Tram,406900
2018,6,Jun,Sunday,Weekend,Bus (Metropolitan),117650
2018,6,Jun,Sunday,Weekend,Train (Metropolitan),270250
2018,6,Jun,Sunday,Weekend,Bus (Regional),8000
2018,6,Jun,Sunday,Weekend,Train (Regional),20400
2018,6,Jun,Sunday,Weekend,Tram,294400
2018,6,Jun,Thursday,Normal Weekday,Bus (Metropolitan),410350
2018,6,Jun,Thursday,Normal Weekday,Train (Metropolitan),775350
2018,6,Jun,Thursday,Normal Weekday,Bus (Regional),39400
2018,6,Jun,Thursday,Normal Weekday,Train (Regional),58900
2018,6,Jun,Thursday,Normal Weekday,Tram,624850
2018,6,Jun,Tuesday,Normal Weekday,Bus (Metropolitan),405600
2018,6,Jun,Tuesday,Normal Weekday,Train (Metropolitan),756450
2018,6,Jun,Tuesday,Normal Weekday,Bus (Regional),38350
2018,6,Jun,Tuesday,Normal Weekday,Train (Regional),54450
2018,6,Jun,Tuesday,Normal Weekday,Tram,610350
2018,6,Jun,Wednesday,Normal Weekday,Bus (Metropolitan),409200
2018,6,Jun,Wednesday,Normal Weekday,Train (Metropolitan),776950
2018,6,Jun,Wednesday,Normal Weekday,Bus (Regional),38300
2018,6,Jun,Wednesday,Normal Weekday,Train (Regional),57900
2018,6,Jun,Wednesday,Normal Weekday,Tram,623650
2018,7,Jul,Friday,Normal Weekday,Bus (Metropolitan),420400
2018,7,Jul,Friday,Normal Weekday,Train (Metropolitan),830300
2018,7,Jul,Friday,Normal Weekday,Bus (Regional),39100
2018,7,Jul,Friday,Normal Weekday,Train (Regional),61450
2018,7,Jul,Friday,Normal Weekday,Tram,685200
2018,7,Jul,Friday,School Holiday Weekday,Bus (Metropolitan),322450
2018,7,Jul,Friday,School Holiday Weekday,Train (Metropolitan),744650
2018,7,Jul,Friday,School Holiday Weekday,Bus (Regional),23950
2018,7,Jul,Friday,School Holiday Weekday,Train (Regional),56250
2018,7,Jul,Friday,School Holiday Weekday,Tram,634650
2018,7,Jul,Monday,Normal Weekday,Bus (Metropolitan),405050
2018,7,Jul,Monday,Normal Weekday,Train (Metropolitan),765600
2018,7,Jul,Monday,Normal Weekday,Bus (Regional),36600
2018,7,Jul,Monday,Normal Weekday,Train (Regional),55750
2018,7,Jul,Monday,Normal Weekday,Tram,622050
2018,7,Jul,Monday,School Holiday Weekday,Bus (Metropolitan),318950
2018,7,Jul,Monday,School Holiday Weekday,Train (Metropolitan),679150
2018,7,Jul,Monday,School Holiday Weekday,Bus (Regional),24900
2018,7,Jul,Monday,School Holiday Weekday,Train (Regional),50500
2018,7,Jul,Monday,School Holiday Weekday,Tram,577400
2018,7,Jul,Saturday,Weekend,Bus (Metropolitan),177600
2018,7,Jul,Saturday,Weekend,Train (Metropolitan),388200
2018,7,Jul,Saturday,Weekend,Bus (Regional),12900
2018,7,Jul,Saturday,Weekend,Train (Regional),30550
2018,7,Jul,Saturday,Weekend,Tram,424450
2018,7,Jul,Sunday,Weekend,Bus (Metropolitan),133000
2018,7,Jul,Sunday,Weekend,Train (Metropolitan),298500
2018,7,Jul,Sunday,Weekend,Bus (Regional),8150
2018,7,Jul,Sunday,Weekend,Train (Regional),22650
2018,7,Jul,Sunday,Weekend,Tram,319650
2018,7,Jul,Thursday,Normal Weekday,Bus (Metropolitan),436250
2018,7,Jul,Thursday,Normal Weekday,Train (Metropolitan),800950
2018,7,Jul,Thursday,Normal Weekday,Bus (Regional),40450
2018,7,Jul,Thursday,Normal Weekday,Train (Regional),58650
2018,7,Jul,Thursday,Normal Weekday,Tram,660750
2018,7,Jul,Thursday,School Holiday Weekday,Bus (Metropolitan),335250
2018,7,Jul,Thursday,School Holiday Weekday,Train (Metropolitan),716650
2018,7,Jul,Thursday,School Holiday Weekday,Bus (Regional),26350
2018,7,Jul,Thursday,School Holiday Weekday,Train (Regional),53500
2018,7,Jul,Thursday,School Holiday Weekday,Tram,617200
2018,7,Jul,Tuesday,Normal Weekday,Bus (Metropolitan),419250
2018,7,Jul,Tuesday,Normal Weekday,Train (Metropolitan),800300
2018,7,Jul,Tuesday,Normal Weekday,Bus (Regional),36300
2018,7,Jul,Tuesday,Normal Weekday,Train (Regional),57450
2018,7,Jul,Tuesday,Normal Weekday,Tram,635850
2018,7,Jul,Tuesday,School Holiday Weekday,Bus (Metropolitan),305500
2018,7,Jul,Tuesday,School Holiday Weekday,Train (Metropolitan),712500
2018,7,Jul,Tuesday,School Holiday Weekday,Bus (Regional),20750
2018,7,Jul,Tuesday,School Holiday Weekday,Train (Regional),54000
2018,7,Jul,Tuesday,School Holiday Weekday,Tram,609650
2018,7,Jul,Wednesday,Normal Weekday,Bus (Metropolitan),437450
2018,7,Jul,Wednesday,Normal Weekday,Train (Metropolitan),803000
2018,7,Jul,Wednesday,Normal Weekday,Bus (Regional),39550
2018,7,Jul,Wednesday,Normal Weekday,Train (Regional),57700
2018,7,Jul,Wednesday,Normal Weekday,Tram,657200
2018,7,Jul,Wednesday,School Holiday Weekday,Bus (Metropolitan),328250
2018,7,Jul,Wednesday,School Holiday Weekday,Train (Metropolitan),713800
2018,7,Jul,Wednesday,School Holiday Weekday,Bus (Regional),24900
2018,7,Jul,Wednesday,School Holiday Weekday,Train (Regional),53550
2018,7,Jul,Wednesday,School Holiday Weekday,Tram,607700
2018,8,Aug,Friday,Normal Weekday,Bus (Metropolitan),443850
2018,8,Aug,Friday,Normal Weekday,Train (Metropolitan),833600
2018,8,Aug,Friday,Normal Weekday,Bus (Regional),39250
2018,8,Aug,Friday,Normal Weekday,Train (Regional),59050
2018,8,Aug,Friday,Normal Weekday,Tram,689300
2018,8,Aug,Monday,Normal Weekday,Bus (Metropolitan),445500
2018,8,Aug,Monday,Normal Weekday,Train (Metropolitan),764150
2018,8,Aug,Monday,Normal Weekday,Bus (Regional),39550
2018,8,Aug,Monday,Normal Weekday,Train (Regional),54400
2018,8,Aug,Monday,Normal Weekday,Tram,634900
2018,8,Aug,Saturday,Weekend,Bus (Metropolitan),188600
2018,8,Aug,Saturday,Weekend,Train (Metropolitan),416900
2018,8,Aug,Saturday,Weekend,Bus (Regional),13200
2018,8,Aug,Saturday,Weekend,Train (Regional),29450
2018,8,Aug,Saturday,Weekend,Tram,435900
2018,8,Aug,Sunday,Weekend,Bus (Metropolitan),128950
2018,8,Aug,Sunday,Weekend,Train (Metropolitan),317250
2018,8,Aug,Sunday,Weekend,Bus (Regional),8250
2018,8,Aug,Sunday,Weekend,Train (Regional),21900
2018,8,Aug,Sunday,Weekend,Tram,338350
2018,8,Aug,Thursday,Normal Weekday,Bus (Metropolitan),460350
2018,8,Aug,Thursday,Normal Weekday,Train (Metropolitan),811150
2018,8,Aug,Thursday,Normal Weekday,Bus (Regional),41500
2018,8,Aug,Thursday,Normal Weekday,Train (Regional),56900
2018,8,Aug,Thursday,Normal Weekday,Tram,668700
2018,8,Aug,Tuesday,Normal Weekday,Bus (Metropolitan),463400
2018,8,Aug,Tuesday,Normal Weekday,Train (Metropolitan),801850
2018,8,Aug,Tuesday,Normal Weekday,Bus (Regional),41200
2018,8,Aug,Tuesday,Normal Weekday,Train (Regional),56550
2018,8,Aug,Tuesday,Normal Weekday,Tram,656900
2018,8,Aug,Wednesday,Normal Weekday,Bus (Metropolitan),465950
2018,8,Aug,Wednesday,Normal Weekday,Train (Metropolitan),813600
2018,8,Aug,Wednesday,Normal Weekday,Bus (Regional),41200
2018,8,Aug,Wednesday,Normal Weekday,Train (Regional),57400
2018,8,Aug,Wednesday,Normal Weekday,Tram,672250
2018,9,Sep,Friday,Normal Weekday,Bus (Metropolitan),445650
2018,9,Sep,Friday,Normal Weekday,Train (Metropolitan),902000
2018,9,Sep,Friday,Normal Weekday,Bus (Regional),39850
2018,9,Sep,Friday,Normal Weekday,Train (Regional),62050
2018,9,Sep,Friday,Normal Weekday,Tram,653350
2018,9,Sep,Monday,Normal Weekday,Bus (Metropolitan),439500
2018,9,Sep,Monday,Normal Weekday,Train (Metropolitan),761450
2018,9,Sep,Monday,Normal Weekday,Bus (Regional),40100
2018,9,Sep,Monday,Normal Weekday,Train (Regional),53850
2018,9,Sep,Monday,Normal Weekday,Tram,588000
2018,9,Sep,Monday,School Holiday Weekday,Bus (Metropolitan),343800
2018,9,Sep,Monday,School Holiday Weekday,Train (Metropolitan),744550
2018,9,Sep,Monday,School Holiday Weekday,Bus (Regional),26050
2018,9,Sep,Monday,School Holiday Weekday,Train (Regional),54800
2018,9,Sep,Monday,School Holiday Weekday,Tram,581500
2018,9,Sep,Saturday,Weekend,Bus (Metropolitan),185500
2018,9,Sep,Saturday,Weekend,Train (Metropolitan),393250
2018,9,Sep,Saturday,Weekend,Bus (Regional),13500
2018,9,Sep,Saturday,Weekend,Train (Regional),25000
2018,9,Sep,Saturday,Weekend,Tram,423450
2018,9,Sep,Sunday,Weekend,Bus (Metropolitan),124350
2018,9,Sep,Sunday,Weekend,Train (Metropolitan),256350
2018,9,Sep,Sunday,Weekend,Bus (Regional),8550
2018,9,Sep,Sunday,Weekend,Train (Regional),18750
2018,9,Sep,Sunday,Weekend,Tram,325150
2018,9,Sep,Thursday,Normal Weekday,Bus (Metropolitan),457400
2018,9,Sep,Thursday,Normal Weekday,Train (Metropolitan),833250
2018,9,Sep,Thursday,Normal Weekday,Bus (Regional),41800
2018,9,Sep,Thursday,Normal Weekday,Train (Regional),57750
2018,9,Sep,Thursday,Normal Weekday,Tram,622100
2018,9,Sep,Thursday,School Holiday Weekday,Bus (Metropolitan),368950
2018,9,Sep,Thursday,School Holiday Weekday,Train (Metropolitan),820400
2018,9,Sep,Thursday,School Holiday Weekday,Bus (Regional),29150
2018,9,Sep,Thursday,School Holiday Weekday,Train (Regional),60050
2018,9,Sep,Thursday,School Holiday Weekday,Tram,666100
2018,9,Sep,Tuesday,Normal Weekday,Bus (Metropolitan),454400
2018,9,Sep,Tuesday,Normal Weekday,Train (Metropolitan),801750
2018,9,Sep,Tuesday,Normal Weekday,Bus (Regional),41750
2018,9,Sep,Tuesday,Normal Weekday,Train (Regional),56750
2018,9,Sep,Tuesday,Normal Weekday,Tram,611650
2018,9,Sep,Tuesday,School Holiday Weekday,Bus (Metropolitan),349700
2018,9,Sep,Tuesday,School Holiday Weekday,Train (Metropolitan),777100
2018,9,Sep,Tuesday,School Holiday Weekday,Bus (Regional),26800
2018,9,Sep,Tuesday,School Holiday Weekday,Train (Regional),58200
2018,9,Sep,Tuesday,School Holiday Weekday,Tram,620850
2018,9,Sep,Wednesday,Normal Weekday,Bus (Metropolitan),457200
2018,9,Sep,Wednesday,Normal Weekday,Train (Metropolitan),803500
2018,9,Sep,Wednesday,Normal Weekday,Bus (Regional),41900
2018,9,Sep,Wednesday,Normal Weekday,Train (Regional),55900
2018,9,Sep,Wednesday,Normal Weekday,Tram,614750
2018,9,Sep,Wednesday,School Holiday Weekday,Bus (Metropolitan),364600
2018,9,Sep,Wednesday,School Holiday Weekday,Train (Metropolitan),801050
2018,9,Sep,Wednesday,School Holiday Weekday,Bus (Regional),28000
2018,9,Sep,Wednesday,School Holiday Weekday,Train (Regional),58900
2018,9,Sep,Wednesday,School Holiday Weekday,Tram,643800
2018,10,Oct,Friday,Normal Weekday,Bus (Metropolitan),448800
2018,10,Oct,Friday,Normal Weekday,Train (Metropolitan),834350
2018,10,Oct,Friday,Normal Weekday,Bus (Regional),41900
2018,10,Oct,Friday,Normal Weekday,Train (Regional),60200
2018,10,Oct,Friday,Normal Weekday,Tram,719350
2018,10,Oct,Friday,School Holiday Weekday,Bus (Metropolitan),385100
2018,10,Oct,Friday,School Holiday Weekday,Train (Metropolitan),790350
2018,10,Oct,Friday,School Holiday Weekday,Bus (Regional),28950
2018,10,Oct,Friday,School Holiday Weekday,Train (Regional),59100
2018,10,Oct,Friday,School Holiday Weekday,Tram,707000
2018,10,Oct,Monday,Normal Weekday,Bus (Metropolitan),434900
2018,10,Oct,Monday,Normal Weekday,Train (Metropolitan),778500
2018,10,Oct,Monday,Normal Weekday,Bus (Regional),40750
2018,10,Oct,Monday,Normal Weekday,Train (Regional),53500
2018,10,Oct,Monday,Normal Weekday,Tram,639150
2018,10,Oct,Monday,School Holiday Weekday,Bus (Metropolitan),361950
2018,10,Oct,Monday,School Holiday Weekday,Train (Metropolitan),765050
2018,10,Oct,Monday,School Holiday Weekday,Bus (Regional),26800
2018,10,Oct,Monday,School Holiday Weekday,Train (Regional),54950
2018,10,Oct,Monday,School Holiday Weekday,Tram,654500
2018,10,Oct,Saturday,Weekend,Bus (Metropolitan),198950
2018,10,Oct,Saturday,Weekend,Train (Metropolitan),391500
2018,10,Oct,Saturday,Weekend,Bus (Regional),19350
2018,10,Oct,Saturday,Weekend,Train (Regional),27300
2018,10,Oct,Saturday,Weekend,Tram,450800
2018,10,Oct,Sunday,Weekend,Bus (Metropolitan),133200
2018,10,Oct,Sunday,Weekend,Train (Metropolitan),289950
2018,10,Oct,Sunday,Weekend,Bus (Regional),12500
2018,10,Oct,Sunday,Weekend,Train (Regional),18850
2018,10,Oct,Sunday,Weekend,Tram,338900
2018,10,Oct,Thursday,Normal Weekday,Bus (Metropolitan),457550
2018,10,Oct,Thursday,Normal Weekday,Train (Metropolitan),826050
2018,10,Oct,Thursday,Normal Weekday,Bus (Regional),43650
2018,10,Oct,Thursday,Normal Weekday,Train (Regional),58700
2018,10,Oct,Thursday,Normal Weekday,Tram,693550
2018,10,Oct,Thursday,School Holiday Weekday,Bus (Metropolitan),389150
2018,10,Oct,Thursday,School Holiday Weekday,Train (Metropolitan),798400
2018,10,Oct,Thursday,School Holiday Weekday,Bus (Regional),28300
2018,10,Oct,Thursday,School Holiday Weekday,Train (Regional),58550
2018,10,Oct,Thursday,School Holiday Weekday,Tram,684000
2018,10,Oct,Tuesday,Normal Weekday,Bus (Metropolitan),438250
2018,10,Oct,Tuesday,Normal Weekday,Train (Metropolitan),803750
2018,10,Oct,Tuesday,Normal Weekday,Bus (Regional),41800
2018,10,Oct,Tuesday,Normal Weekday,Train (Regional),57650
2018,10,Oct,Tuesday,Normal Weekday,Tram,652250
2018,10,Oct,Tuesday,School Holiday Weekday,Bus (Metropolitan),377000
2018,10,Oct,Tuesday,School Holiday Weekday,Train (Metropolitan),803100
2018,10,Oct,Tuesday,School Holiday Weekday,Bus (Regional),27500
2018,10,Oct,Tuesday,School Holiday Weekday,Train (Regional),58900
2018,10,Oct,Tuesday,School Holiday Weekday,Tram,689600
2018,10,Oct,Wednesday,Normal Weekday,Bus (Metropolitan),450400
2018,10,Oct,Wednesday,Normal Weekday,Train (Metropolitan),812350
2018,10,Oct,Wednesday,Normal Weekday,Bus (Regional),39700
2018,10,Oct,Wednesday,Normal Weekday,Train (Regional),58300
2018,10,Oct,Wednesday,Normal Weekday,Tram,676550
2018,10,Oct,Wednesday,School Holiday Weekday,Bus (Metropolitan),378750
2018,10,Oct,Wednesday,School Holiday Weekday,Train (Metropolitan),795450
2018,10,Oct,Wednesday,School Holiday Weekday,Bus (Regional),27150
2018,10,Oct,Wednesday,School Holiday Weekday,Train (Regional),58200
2018,10,Oct,Wednesday,School Holiday Weekday,Tram,673050
2018,11,Nov,Friday,Normal Weekday,Bus (Metropolitan),417050
2018,11,Nov,Friday,Normal Weekday,Train (Metropolitan),818400
2018,11,Nov,Friday,Normal Weekday,Bus (Regional),39000
2018,11,Nov,Friday,Normal Weekday,Train (Regional),57800
2018,11,Nov,Friday,Normal Weekday,Tram,692300
2018,11,Nov,Monday,Normal Weekday,Bus (Metropolitan),398800
2018,11,Nov,Monday,Normal Weekday,Train (Metropolitan),733000
2018,11,Nov,Monday,Normal Weekday,Bus (Regional),38200
2018,11,Nov,Monday,Normal Weekday,Train (Regional),52150
2018,11,Nov,Monday,Normal Weekday,Tram,634800
2018,11,Nov,Saturday,Weekend,Bus (Metropolitan),202750
2018,11,Nov,Saturday,Weekend,Train (Metropolitan),413900
2018,11,Nov,Saturday,Weekend,Bus (Regional),15050
2018,11,Nov,Saturday,Weekend,Train (Regional),30250
2018,11,Nov,Saturday,Weekend,Tram,413500
2018,11,Nov,Sunday,Weekend,Bus (Metropolitan),138250
2018,11,Nov,Sunday,Weekend,Train (Metropolitan),295450
2018,11,Nov,Sunday,Weekend,Bus (Regional),9650
2018,11,Nov,Sunday,Weekend,Train (Regional),20850
2018,11,Nov,Sunday,Weekend,Tram,315650
2018,11,Nov,Thursday,Normal Weekday,Bus (Metropolitan),440050
2018,11,Nov,Thursday,Normal Weekday,Train (Metropolitan),816150
2018,11,Nov,Thursday,Normal Weekday,Bus (Regional),41900
2018,11,Nov,Thursday,Normal Weekday,Train (Regional),57800
2018,11,Nov,Thursday,Normal Weekday,Tram,696800
2018,11,Nov,Tuesday,Normal Weekday,Bus (Metropolitan),425650
2018,11,Nov,Tuesday,Normal Weekday,Train (Metropolitan),796550
2018,11,Nov,Tuesday,Normal Weekday,Bus (Regional),39750
2018,11,Nov,Tuesday,Normal Weekday,Train (Regional),57500
2018,11,Nov,Tuesday,Normal Weekday,Tram,667800
2018,11,Nov,Wednesday,Normal Weekday,Bus (Metropolitan),432450
2018,11,Nov,Wednesday,Normal Weekday,Train (Metropolitan),795750
2018,11,Nov,Wednesday,Normal Weekday,Bus (Regional),40650
2018,11,Nov,Wednesday,Normal Weekday,Train (Regional),57050
2018,11,Nov,Wednesday,Normal Weekday,Tram,688200
2018,12,Dec,Friday,Normal Weekday,Bus (Metropolitan),338300
2018,12,Dec,Friday,Normal Weekday,Train (Metropolitan),708900
2018,12,Dec,Friday,Normal Weekday,Bus (Regional),31100
2018,12,Dec,Friday,Normal Weekday,Train (Regional),48900
2018,12,Dec,Friday,Normal Weekday,Tram,662750
2018,12,Dec,Friday,School Holiday Weekday,Bus (Metropolitan),200850
2018,12,Dec,Friday,School Holiday Weekday,Train (Metropolitan),399800
2018,12,Dec,Friday,School Holiday Weekday,Bus (Regional),20850
2018,12,Dec,Friday,School Holiday Weekday,Train (Regional),31200
2018,12,Dec,Friday,School Holiday Weekday,Tram,423500
2018,12,Dec,Monday,Normal Weekday,Bus (Metropolitan),373400
2018,12,Dec,Monday,Normal Weekday,Train (Metropolitan),710850
2018,12,Dec,Monday,Normal Weekday,Bus (Regional),34950
2018,12,Dec,Monday,Normal Weekday,Train (Regional),49050
2018,12,Dec,Monday,Normal Weekday,Tram,655150
2018,12,Dec,Monday,School Holiday Weekday,Bus (Metropolitan),184400
2018,12,Dec,Monday,School Holiday Weekday,Train (Metropolitan),332900
2018,12,Dec,Monday,School Holiday Weekday,Bus (Regional),19850
2018,12,Dec,Monday,School Holiday Weekday,Train (Regional),27200
2018,12,Dec,Monday,School Holiday Weekday,Tram,349950
2018,12,Dec,Saturday,Weekend,Bus (Metropolitan),183300
2018,12,Dec,Saturday,Weekend,Train (Metropolitan),354050
2018,12,Dec,Saturday,Weekend,Bus (Regional),14700
2018,12,Dec,Saturday,Weekend,Train (Regional),23650
2018,12,Dec,Saturday,Weekend,Tram,389500
2018,12,Dec,Sunday,Weekend,Bus (Metropolitan),124150
2018,12,Dec,Sunday,Weekend,Train (Metropolitan),269700
2018,12,Dec,Sunday,Weekend,Bus (Regional),9000
2018,12,Dec,Sunday,Weekend,Train (Regional),17050
2018,12,Dec,Sunday,Weekend,Tram,301150
2018,12,Dec,Thursday,Normal Weekday,Bus (Metropolitan),353550
2018,12,Dec,Thursday,Normal Weekday,Train (Metropolitan),715800
2018,12,Dec,Thursday,Normal Weekday,Bus (Regional),33550
2018,12,Dec,Thursday,Normal Weekday,Train (Regional),51800
2018,12,Dec,Thursday,Normal Weekday,Tram,665400
2018,12,Dec,Thursday,School Holiday Weekday,Bus (Metropolitan),190400
2018,12,Dec,Thursday,School Holiday Weekday,Train (Metropolitan),373100
2018,12,Dec,Thursday,School Holiday Weekday,Bus (Regional),19700
2018,12,Dec,Thursday,School Holiday Weekday,Train (Regional),30850
2018,12,Dec,Thursday,School Holiday Weekday,Tram,385400
2018,12,Dec,Tuesday,Normal Weekday,Bus (Metropolitan),382300
2018,12,Dec,Tuesday,Normal Weekday,Train (Metropolitan),731950
2018,12,Dec,Tuesday,Normal Weekday,Bus (Regional),35450
2018,12,Dec,Tuesday,Normal Weekday,Train (Regional),51400
2018,12,Dec,Tuesday,Normal Weekday,Tram,688900
2018,12,Dec,Wednesday,Normal Weekday,Bus (Metropolitan),376650
2018,12,Dec,Wednesday,Normal Weekday,Train (Metropolitan),739550
2018,12,Dec,Wednesday,Normal Weekday,Bus (Regional),36000
2018,12,Dec,Wednesday,Normal Weekday,Train (Regional),52450
2018,12,Dec,Wednesday,Normal Weekday,Tram,692200
2019,1,Jan,Friday,School Holiday Weekday,Bus (Metropolitan),267050
2019,1,Jan,Friday,School Holiday Weekday,Train (Metropolitan),571400
2019,1,Jan,Friday,School Holiday Weekday,Bus (Regional),22500
2019,1,Jan,Friday,School Holiday Weekday,Train (Regional),42600
2019,1,Jan,Friday,School Holiday Weekday,Tram,546950
2019,1,Jan,Monday,School Holiday Weekday,Bus (Metropolitan),303700
2019,1,Jan,Monday,School Holiday Weekday,Train (Metropolitan),661500
2019,1,Jan,Monday,School Holiday Weekday,Bus (Regional),24350
2019,1,Jan,Monday,School Holiday Weekday,Train (Regional),48950
2019,1,Jan,Monday,School Holiday Weekday,Tram,583800
2019,1,Jan,Saturday,Weekend,Bus (Metropolitan),172950
2019,1,Jan,Saturday,Weekend,Train (Metropolitan),331950
2019,1,Jan,Saturday,Weekend,Bus (Regional),12150
2019,1,Jan,Saturday,Weekend,Train (Regional),21650
2019,1,Jan,Saturday,Weekend,Tram,392950
2019,1,Jan,Sunday,Weekend,Bus (Metropolitan),118950
2019,1,Jan,Sunday,Weekend,Train (Metropolitan),264800
2019,1,Jan,Sunday,Weekend,Bus (Regional),8000
2019,1,Jan,Sunday,Weekend,Train (Regional),18200
2019,1,Jan,Sunday,Weekend,Tram,317200
2019,1,Jan,Thursday,Normal Weekday,Bus (Metropolitan),422050
2019,1,Jan,Thursday,Normal Weekday,Train (Metropolitan),758700
2019,1,Jan,Thursday,Normal Weekday,Bus (Regional),37100
2019,1,Jan,Thursday,Normal Weekday,Train (Regional),47900
2019,1,Jan,Thursday,Normal Weekday,Tram,655150
2019,1,Jan,Thursday,School Holiday Weekday,Bus (Metropolitan),303450
2019,1,Jan,Thursday,School Holiday Weekday,Train (Metropolitan),608050
2019,1,Jan,Thursday,School Holiday Weekday,Bus (Regional),25450
2019,1,Jan,Thursday,School Holiday Weekday,Train (Regional),46200
2019,1,Jan,Thursday,School Holiday Weekday,Tram,592600
2019,1,Jan,Tuesday,School Holiday Weekday,Bus (Metropolitan),324500
2019,1,Jan,Tuesday,School Holiday Weekday,Train (Metropolitan),683100
2019,1,Jan,Tuesday,School Holiday Weekday,Bus (Regional),25450
2019,1,Jan,Tuesday,School Holiday Weekday,Train (Regional),50050
2019,1,Jan,Tuesday,School Holiday Weekday,Tram,604700
2019,1,Jan,Wednesday,Normal Weekday,Bus (Metropolitan),361500
2019,1,Jan,Wednesday,Normal Weekday,Train (Metropolitan),724000
2019,1,Jan,Wednesday,Normal Weekday,Bus (Regional),29300
2019,1,Jan,Wednesday,Normal Weekday,Train (Regional),53050
2019,1,Jan,Wednesday,Normal Weekday,Tram,592150
2019,1,Jan,Wednesday,School Holiday Weekday,Bus (Metropolitan),302450
2019,1,Jan,Wednesday,School Holiday Weekday,Train (Metropolitan),621700
2019,1,Jan,Wednesday,School Holiday Weekday,Bus (Regional),25200
2019,1,Jan,Wednesday,School Holiday Weekday,Train (Regional),47300
2019,1,Jan,Wednesday,School Holiday Weekday,Tram,603250
2019,2,Feb,Friday,Normal Weekday,Bus (Metropolitan),432850
2019,2,Feb,Friday,Normal Weekday,Train (Metropolitan),819200
2019,2,Feb,Friday,Normal Weekday,Bus (Regional),43250
2019,2,Feb,Friday,Normal Weekday,Train (Regional),58250
2019,2,Feb,Friday,Normal Weekday,Tram,665950
2019,2,Feb,Monday,Normal Weekday,Bus (Metropolitan),436150
2019,2,Feb,Monday,Normal Weekday,Train (Metropolitan),785750
2019,2,Feb,Monday,Normal Weekday,Bus (Regional),42700
2019,2,Feb,Monday,Normal Weekday,Train (Regional),57200
2019,2,Feb,Monday,Normal Weekday,Tram,614650
2019,2,Feb,Saturday,Weekend,Bus (Metropolitan),187950
2019,2,Feb,Saturday,Weekend,Train (Metropolitan),389400
2019,2,Feb,Saturday,Weekend,Bus (Regional),15700
2019,2,Feb,Saturday,Weekend,Train (Regional),27950
2019,2,Feb,Saturday,Weekend,Tram,492550
2019,2,Feb,Sunday,Weekend,Bus (Metropolitan),123800
2019,2,Feb,Sunday,Weekend,Train (Metropolitan),303350
2019,2,Feb,Sunday,Weekend,Bus (Regional),9850
2019,2,Feb,Sunday,Weekend,Train (Regional),23700
2019,2,Feb,Sunday,Weekend,Tram,393300
2019,2,Feb,Thursday,Normal Weekday,Bus (Metropolitan),451100
2019,2,Feb,Thursday,Normal Weekday,Train (Metropolitan),829350
2019,2,Feb,Thursday,Normal Weekday,Bus (Regional),44350
2019,2,Feb,Thursday,Normal Weekday,Train (Regional),59700
2019,2,Feb,Thursday,Normal Weekday,Tram,656450
2019,2,Feb,Tuesday,Normal Weekday,Bus (Metropolitan),443550
2019,2,Feb,Tuesday,Normal Weekday,Train (Metropolitan),816000
2019,2,Feb,Tuesday,Normal Weekday,Bus (Regional),43700
2019,2,Feb,Tuesday,Normal Weekday,Train (Regional),59650
2019,2,Feb,Tuesday,Normal Weekday,Tram,642400
2019,2,Feb,Wednesday,Normal Weekday,Bus (Metropolitan),451000
2019,2,Feb,Wednesday,Normal Weekday,Train (Metropolitan),821600
2019,2,Feb,Wednesday,Normal Weekday,Bus (Regional),44000
2019,2,Feb,Wednesday,Normal Weekday,Train (Regional),60250
2019,2,Feb,Wednesday,Normal Weekday,Tram,655950
2019,3,Mar,Friday,Normal Weekday,Bus (Metropolitan),473250
2019,3,Mar,Friday,Normal Weekday,Train (Metropolitan),875950
2019,3,Mar,Friday,Normal Weekday,Bus (Regional),43500
2019,3,Mar,Friday,Normal Weekday,Train (Regional),63550
2019,3,Mar,Friday,Normal Weekday,Tram,714200
2019,3,Mar,Monday,Normal Weekday,Bus (Metropolitan),485150
2019,3,Mar,Monday,Normal Weekday,Train (Metropolitan),858500
2019,3,Mar,Monday,Normal Weekday,Bus (Regional),43100
2019,3,Mar,Monday,Normal Weekday,Train (Regional),60050
2019,3,Mar,Monday,Normal Weekday,Tram,675100
2019,3,Mar,Saturday,Weekend,Bus (Metropolitan),215650
2019,3,Mar,Saturday,Weekend,Train (Metropolitan),353800
2019,3,Mar,Saturday,Weekend,Bus (Regional),16600
2019,3,Mar,Saturday,Weekend,Train (Regional),31000
2019,3,Mar,Saturday,Weekend,Tram,545100
2019,3,Mar,Sunday,Weekend,Bus (Metropolitan),138800
2019,3,Mar,Sunday,Weekend,Train (Metropolitan),256300
2019,3,Mar,Sunday,Weekend,Bus (Regional),10500
2019,3,Mar,Sunday,Weekend,Train (Regional),22850
2019,3,Mar,Sunday,Weekend,Tram,418750
2019,3,Mar,Thursday,Normal Weekday,Bus (Metropolitan),503750
2019,3,Mar,Thursday,Normal Weekday,Train (Metropolitan),927650
2019,3,Mar,Thursday,Normal Weekday,Bus (Regional),46900
2019,3,Mar,Thursday,Normal Weekday,Train (Regional),64500
2019,3,Mar,Thursday,Normal Weekday,Tram,721900
2019,3,Mar,Tuesday,Normal Weekday,Bus (Metropolitan),496500
2019,3,Mar,Tuesday,Normal Weekday,Train (Metropolitan),892850
2019,3,Mar,Tuesday,Normal Weekday,Bus (Regional),45250
2019,3,Mar,Tuesday,Normal Weekday,Train (Regional),63300
2019,3,Mar,Tuesday,Normal Weekday,Tram,700650
2019,3,Mar,Wednesday,Normal Weekday,Bus (Metropolitan),498900
2019,3,Mar,Wednesday,Normal Weekday,Train (Metropolitan),884500
2019,3,Mar,Wednesday,Normal Weekday,Bus (Regional),45550
2019,3,Mar,Wednesday,Normal Weekday,Train (Regional),64450
2019,3,Mar,Wednesday,Normal Weekday,Tram,713900
2019,4,Apr,Friday,Normal Weekday,Bus (Metropolitan),408950
2019,4,Apr,Friday,Normal Weekday,Train (Metropolitan),753100
2019,4,Apr,Friday,Normal Weekday,Bus (Regional),37350
2019,4,Apr,Friday,Normal Weekday,Train (Regional),54900
2019,4,Apr,Friday,Normal Weekday,Tram,656500
2019,4,Apr,Friday,School Holiday Weekday,Bus (Metropolitan),392300
2019,4,Apr,Friday,School Holiday Weekday,Train (Metropolitan),809400
2019,4,Apr,Friday,School Holiday Weekday,Bus (Regional),30600
2019,4,Apr,Friday,School Holiday Weekday,Train (Regional),61550
2019,4,Apr,Friday,School Holiday Weekday,Tram,731000
2019,4,Apr,Monday,Normal Weekday,Bus (Metropolitan),461100
2019,4,Apr,Monday,Normal Weekday,Train (Metropolitan),815250
2019,4,Apr,Monday,Normal Weekday,Bus (Regional),43300
2019,4,Apr,Monday,Normal Weekday,Train (Regional),56800
2019,4,Apr,Monday,Normal Weekday,Tram,640150
2019,4,Apr,Monday,School Holiday Weekday,Bus (Metropolitan),381950
2019,4,Apr,Monday,School Holiday Weekday,Train (Metropolitan),722450
2019,4,Apr,Monday,School Holiday Weekday,Bus (Regional),27900
2019,4,Apr,Monday,School Holiday Weekday,Train (Regional),56100
2019,4,Apr,Monday,School Holiday Weekday,Tram,653500
2019,4,Apr,Saturday,Weekend,Bus (Metropolitan),208500
2019,4,Apr,Saturday,Weekend,Train (Metropolitan),347400
2019,4,Apr,Saturday,Weekend,Bus (Regional),14850
2019,4,Apr,Saturday,Weekend,Train (Regional),30050
2019,4,Apr,Saturday,Weekend,Tram,531850
2019,4,Apr,Sunday,Weekend,Bus (Metropolitan),133950
2019,4,Apr,Sunday,Weekend,Train (Metropolitan),245600
2019,4,Apr,Sunday,Weekend,Bus (Regional),9450
2019,4,Apr,Sunday,Weekend,Train (Regional),22800
2019,4,Apr,Sunday,Weekend,Tram,393950
2019,4,Apr,Thursday,Normal Weekday,Bus (Metropolitan),485500
2019,4,Apr,Thursday,Normal Weekday,Train (Metropolitan),850050
2019,4,Apr,Thursday,Normal Weekday,Bus (Regional),44300
2019,4,Apr,Thursday,Normal Weekday,Train (Regional),51800
2019,4,Apr,Thursday,Normal Weekday,Tram,705850
2019,4,Apr,Thursday,School Holiday Weekday,Bus (Metropolitan),401100
2019,4,Apr,Thursday,School Holiday Weekday,Train (Metropolitan),746900
2019,4,Apr,Thursday,School Holiday Weekday,Bus (Regional),30200
2019,4,Apr,Thursday,School Holiday Weekday,Train (Regional),48700
2019,4,Apr,Thursday,School Holiday Weekday,Tram,703200
2019,4,Apr,Tuesday,Normal Weekday,Bus (Metropolitan),448100
2019,4,Apr,Tuesday,Normal Weekday,Train (Metropolitan),778500
2019,4,Apr,Tuesday,Normal Weekday,Bus (Regional),43200
2019,4,Apr,Tuesday,Normal Weekday,Train (Regional),54050
2019,4,Apr,Tuesday,Normal Weekday,Tram,642050
2019,4,Apr,Tuesday,School Holiday Weekday,Bus (Metropolitan),392200
2019,4,Apr,Tuesday,School Holiday Weekday,Train (Metropolitan),750650
2019,4,Apr,Tuesday,School Holiday Weekday,Bus (Regional),28250
2019,4,Apr,Tuesday,School Holiday Weekday,Train (Regional),48000
2019,4,Apr,Tuesday,School Holiday Weekday,Tram,700100
2019,4,Apr,Wednesday,Normal Weekday,Bus (Metropolitan),446050
2019,4,Apr,Wednesday,Normal Weekday,Train (Metropolitan),803600
2019,4,Apr,Wednesday,Normal Weekday,Bus (Regional),41900
2019,4,Apr,Wednesday,Normal Weekday,Train (Regional),59050
2019,4,Apr,Wednesday,Normal Weekday,Tram,658600
2019,4,Apr,Wednesday,School Holiday Weekday,Bus (Metropolitan),395350
2019,4,Apr,Wednesday,School Holiday Weekday,Train (Metropolitan),753400
2019,4,Apr,Wednesday,School Holiday Weekday,Bus (Regional),28850
2019,4,Apr,Wednesday,School Holiday Weekday,Train (Regional),49200
2019,4,Apr,Wednesday,School Holiday Weekday,Tram,697550
2019,5,May,Friday,Normal Weekday,Bus (Metropolitan),451600
2019,5,May,Friday,Normal Weekday,Train (Metropolitan),833550
2019,5,May,Friday,Normal Weekday,Bus (Regional),39700
2019,5,May,Friday,Normal Weekday,Train (Regional),62050
2019,5,May,Friday,Normal Weekday,Tram,673150
2019,5,May,Monday,Normal Weekday,Bus (Metropolitan),456500
2019,5,May,Monday,Normal Weekday,Train (Metropolitan),799800
2019,5,May,Monday,Normal Weekday,Bus (Regional),40050
2019,5,May,Monday,Normal Weekday,Train (Regional),59000
2019,5,May,Monday,Normal Weekday,Tram,622150
2019,5,May,Saturday,Weekend,Bus (Metropolitan),209050
2019,5,May,Saturday,Weekend,Train (Metropolitan),420300
2019,5,May,Saturday,Weekend,Bus (Regional),14150
2019,5,May,Saturday,Weekend,Train (Regional),34800
2019,5,May,Saturday,Weekend,Tram,465700
2019,5,May,Sunday,Weekend,Bus (Metropolitan),126600
2019,5,May,Sunday,Weekend,Train (Metropolitan),300850
2019,5,May,Sunday,Weekend,Bus (Regional),8800
2019,5,May,Sunday,Weekend,Train (Regional),25350
2019,5,May,Sunday,Weekend,Tram,348400
2019,5,May,Thursday,Normal Weekday,Bus (Metropolitan),476350
2019,5,May,Thursday,Normal Weekday,Train (Metropolitan),835150
2019,5,May,Thursday,Normal Weekday,Bus (Regional),42850
2019,5,May,Thursday,Normal Weekday,Train (Regional),61800
2019,5,May,Thursday,Normal Weekday,Tram,671950
2019,5,May,Tuesday,Normal Weekday,Bus (Metropolitan),477400
2019,5,May,Tuesday,Normal Weekday,Train (Metropolitan),840550
2019,5,May,Tuesday,Normal Weekday,Bus (Regional),41700
2019,5,May,Tuesday,Normal Weekday,Train (Regional),61450
2019,5,May,Tuesday,Normal Weekday,Tram,652850
2019,5,May,Wednesday,Normal Weekday,Bus (Metropolitan),472800
2019,5,May,Wednesday,Normal Weekday,Train (Metropolitan),831700
2019,5,May,Wednesday,Normal Weekday,Bus (Regional),41700
2019,5,May,Wednesday,Normal Weekday,Train (Regional),62050
2019,5,May,Wednesday,Normal Weekday,Tram,665800
2019,6,Jun,Friday,Normal Weekday,Bus (Metropolitan),408550
2019,6,Jun,Friday,Normal Weekday,Train (Metropolitan),795200
2019,6,Jun,Friday,Normal Weekday,Bus (Regional),37800
2019,6,Jun,Friday,Normal Weekday,Train (Regional),59750
2019,6,Jun,Friday,Normal Weekday,Tram,632350
2019,6,Jun,Monday,Normal Weekday,Bus (Metropolitan),400650
2019,6,Jun,Monday,Normal Weekday,Train (Metropolitan),745100
2019,6,Jun,Monday,Normal Weekday,Bus (Regional),36700
2019,6,Jun,Monday,Normal Weekday,Train (Regional),54350
2019,6,Jun,Monday,Normal Weekday,Tram,582500
2019,6,Jun,Saturday,Weekend,Bus (Metropolitan),175750
2019,6,Jun,Saturday,Weekend,Train (Metropolitan),357500
2019,6,Jun,Saturday,Weekend,Bus (Regional),13850
2019,6,Jun,Saturday,Weekend,Train (Regional),28150
2019,6,Jun,Saturday,Weekend,Tram,362800
2019,6,Jun,Sunday,Weekend,Bus (Metropolitan),125600
2019,6,Jun,Sunday,Weekend,Train (Metropolitan),268950
2019,6,Jun,Sunday,Weekend,Bus (Regional),9000
2019,6,Jun,Sunday,Weekend,Train (Regional),21550
2019,6,Jun,Sunday,Weekend,Tram,277150
2019,6,Jun,Thursday,Normal Weekday,Bus (Metropolitan),425250
2019,6,Jun,Thursday,Normal Weekday,Train (Metropolitan),786600
2019,6,Jun,Thursday,Normal Weekday,Bus (Regional),40100
2019,6,Jun,Thursday,Normal Weekday,Train (Regional),56950
2019,6,Jun,Thursday,Normal Weekday,Tram,615900
2019,6,Jun,Tuesday,Normal Weekday,Bus (Metropolitan),422150
2019,6,Jun,Tuesday,Normal Weekday,Train (Metropolitan),776500
2019,6,Jun,Tuesday,Normal Weekday,Bus (Regional),39950
2019,6,Jun,Tuesday,Normal Weekday,Train (Regional),57050
2019,6,Jun,Tuesday,Normal Weekday,Tram,605700
2019,6,Jun,Wednesday,Normal Weekday,Bus (Metropolitan),414050
2019,6,Jun,Wednesday,Normal Weekday,Train (Metropolitan),771100
2019,6,Jun,Wednesday,Normal Weekday,Bus (Regional),38200
2019,6,Jun,Wednesday,Normal Weekday,Train (Regional),56900
2019,6,Jun,Wednesday,Normal Weekday,Tram,605800
2019,7,Jul,Friday,Normal Weekday,Bus (Metropolitan),438450
2019,7,Jul,Friday,Normal Weekday,Train (Metropolitan),810350
2019,7,Jul,Friday,Normal Weekday,Bus (Regional),42800
2019,7,Jul,Friday,Normal Weekday,Train (Regional),61900
2019,7,Jul,Friday,Normal Weekday,Tram,635000
2019,7,Jul,Friday,School Holiday Weekday,Bus (Metropolitan),330100
2019,7,Jul,Friday,School Holiday Weekday,Train (Metropolitan),715550
2019,7,Jul,Friday,School Holiday Weekday,Bus (Regional),26800
2019,7,Jul,Friday,School Holiday Weekday,Train (Regional),53400
2019,7,Jul,Friday,School Holiday Weekday,Tram,612500
2019,7,Jul,Monday,Normal Weekday,Bus (Metropolitan),438800
2019,7,Jul,Monday,Normal Weekday,Train (Metropolitan),760150
2019,7,Jul,Monday,Normal Weekday,Bus (Regional),41250
2019,7,Jul,Monday,Normal Weekday,Train (Regional),56850
2019,7,Jul,Monday,Normal Weekday,Tram,603600
2019,7,Jul,Monday,School Holiday Weekday,Bus (Metropolitan),332100
2019,7,Jul,Monday,School Holiday Weekday,Train (Metropolitan),676350
2019,7,Jul,Monday,School Holiday Weekday,Bus (Regional),26050
2019,7,Jul,Monday,School Holiday Weekday,Train (Regional),49900
2019,7,Jul,Monday,School Holiday Weekday,Tram,579950
2019,7,Jul,Saturday,Weekend,Bus (Metropolitan),173150
2019,7,Jul,Saturday,Weekend,Train (Metropolitan),372850
2019,7,Jul,Saturday,Weekend,Bus (Regional),14150
2019,7,Jul,Saturday,Weekend,Train (Regional),29150
2019,7,Jul,Saturday,Weekend,Tram,383850
2019,7,Jul,Sunday,Weekend,Bus (Metropolitan),128650
2019,7,Jul,Sunday,Weekend,Train (Metropolitan),270650
2019,7,Jul,Sunday,Weekend,Bus (Regional),8900
2019,7,Jul,Sunday,Weekend,Train (Regional),22100
2019,7,Jul,Sunday,Weekend,Tram,277800
2019,7,Jul,Thursday,Normal Weekday,Bus (Metropolitan),455700
2019,7,Jul,Thursday,Normal Weekday,Train (Metropolitan),789050
2019,7,Jul,Thursday,Normal Weekday,Bus (Regional),44350
2019,7,Jul,Thursday,Normal Weekday,Train (Regional),60000
2019,7,Jul,Thursday,Normal Weekday,Tram,631850
2019,7,Jul,Thursday,School Holiday Weekday,Bus (Metropolitan),341650
2019,7,Jul,Thursday,School Holiday Weekday,Train (Metropolitan),694200
2019,7,Jul,Thursday,School Holiday Weekday,Bus (Regional),27500
2019,7,Jul,Thursday,School Holiday Weekday,Train (Regional),52550
2019,7,Jul,Thursday,School Holiday Weekday,Tram,604750
2019,7,Jul,Tuesday,Normal Weekday,Bus (Metropolitan),449950
2019,7,Jul,Tuesday,Normal Weekday,Train (Metropolitan),788900
2019,7,Jul,Tuesday,Normal Weekday,Bus (Regional),42900
2019,7,Jul,Tuesday,Normal Weekday,Train (Regional),59450
2019,7,Jul,Tuesday,Normal Weekday,Tram,623200
2019,7,Jul,Tuesday,School Holiday Weekday,Bus (Metropolitan),342550
2019,7,Jul,Tuesday,School Holiday Weekday,Train (Metropolitan),700350
2019,7,Jul,Tuesday,School Holiday Weekday,Bus (Regional),27900
2019,7,Jul,Tuesday,School Holiday Weekday,Train (Regional),52150
2019,7,Jul,Tuesday,School Holiday Weekday,Tram,598950
2019,7,Jul,Wednesday,Normal Weekday,Bus (Metropolitan),458500
2019,7,Jul,Wednesday,Normal Weekday,Train (Metropolitan),795700
2019,7,Jul,Wednesday,Normal Weekday,Bus (Regional),43650
2019,7,Jul,Wednesday,Normal Weekday,Train (Regional),59900
2019,7,Jul,Wednesday,Normal Weekday,Tram,637650
2019,7,Jul,Wednesday,School Holiday Weekday,Bus (Metropolitan),343650
2019,7,Jul,Wednesday,School Holiday Weekday,Train (Metropolitan),701200
2019,7,Jul,Wednesday,School Holiday Weekday,Bus (Regional),27900
2019,7,Jul,Wednesday,School Holiday Weekday,Train (Regional),52650
2019,7,Jul,Wednesday,School Holiday Weekday,Tram,609350
2019,8,Aug,Friday,Normal Weekday,Bus (Metropolitan),435850
2019,8,Aug,Friday,Normal Weekday,Train (Metropolitan),840500
2019,8,Aug,Friday,Normal Weekday,Bus (Regional),40800
2019,8,Aug,Friday,Normal Weekday,Train (Regional),61700
2019,8,Aug,Friday,Normal Weekday,Tram,645150
2019,8,Aug,Monday,Normal Weekday,Bus (Metropolitan),447450
2019,8,Aug,Monday,Normal Weekday,Train (Metropolitan),798600
2019,8,Aug,Monday,Normal Weekday,Bus (Regional),42250
2019,8,Aug,Monday,Normal Weekday,Train (Regional),58600
2019,8,Aug,Monday,Normal Weekday,Tram,638200
2019,8,Aug,Saturday,Weekend,Bus (Metropolitan),185850
2019,8,Aug,Saturday,Weekend,Train (Metropolitan),394950
2019,8,Aug,Saturday,Weekend,Bus (Regional),15000
2019,8,Aug,Saturday,Weekend,Train (Regional),31950
2019,8,Aug,Saturday,Weekend,Tram,388350
2019,8,Aug,Sunday,Weekend,Bus (Metropolitan),146450
2019,8,Aug,Sunday,Weekend,Train (Metropolitan),326550
2019,8,Aug,Sunday,Weekend,Bus (Regional),9300
2019,8,Aug,Sunday,Weekend,Train (Regional),26900
2019,8,Aug,Sunday,Weekend,Tram,289950
2019,8,Aug,Thursday,Normal Weekday,Bus (Metropolitan),464850
2019,8,Aug,Thursday,Normal Weekday,Train (Metropolitan),841150
2019,8,Aug,Thursday,Normal Weekday,Bus (Regional),44400
2019,8,Aug,Thursday,Normal Weekday,Train (Regional),61250
2019,8,Aug,Thursday,Normal Weekday,Tram,677850
2019,8,Aug,Tuesday,Normal Weekday,Bus (Metropolitan),460550
2019,8,Aug,Tuesday,Normal Weekday,Train (Metropolitan),832300
2019,8,Aug,Tuesday,Normal Weekday,Bus (Regional),44200
2019,8,Aug,Tuesday,Normal Weekday,Train (Regional),61100
2019,8,Aug,Tuesday,Normal Weekday,Tram,659750
2019,8,Aug,Wednesday,Normal Weekday,Bus (Metropolitan),458650
2019,8,Aug,Wednesday,Normal Weekday,Train (Metropolitan),832050
2019,8,Aug,Wednesday,Normal Weekday,Bus (Regional),44100
2019,8,Aug,Wednesday,Normal Weekday,Train (Regional),61800
2019,8,Aug,Wednesday,Normal Weekday,Tram,667650
2019,9,Sep,Friday,Normal Weekday,Bus (Metropolitan),440450
2019,9,Sep,Friday,Normal Weekday,Train (Metropolitan),905250
2019,9,Sep,Friday,Normal Weekday,Bus (Regional),42250
2019,9,Sep,Friday,Normal Weekday,Train (Regional),66550
2019,9,Sep,Friday,Normal Weekday,Tram,674650
2019,9,Sep,Monday,Normal Weekday,Bus (Metropolitan),433100
2019,9,Sep,Monday,Normal Weekday,Train (Metropolitan),784000
2019,9,Sep,Monday,Normal Weekday,Bus (Regional),42700
2019,9,Sep,Monday,Normal Weekday,Train (Regional),57950
2019,9,Sep,Monday,Normal Weekday,Tram,612000
2019,9,Sep,Monday,School Holiday Weekday,Bus (Metropolitan),355200
2019,9,Sep,Monday,School Holiday Weekday,Train (Metropolitan),734500
2019,9,Sep,Monday,School Holiday Weekday,Bus (Regional),27600
2019,9,Sep,Monday,School Holiday Weekday,Train (Regional),44350
2019,9,Sep,Monday,School Holiday Weekday,Tram,591050
2019,9,Sep,Saturday,Weekend,Bus (Metropolitan),191950
2019,9,Sep,Saturday,Weekend,Train (Metropolitan),418550
2019,9,Sep,Saturday,Weekend,Bus (Regional),14500
2019,9,Sep,Saturday,Weekend,Train (Regional),29100
2019,9,Sep,Saturday,Weekend,Tram,350550
2019,9,Sep,Sunday,Weekend,Bus (Metropolitan),134950
2019,9,Sep,Sunday,Weekend,Train (Metropolitan),222450
2019,9,Sep,Sunday,Weekend,Bus (Regional),8950
2019,9,Sep,Sunday,Weekend,Train (Regional),17200
2019,9,Sep,Sunday,Weekend,Tram,268300
2019,9,Sep,Thursday,Normal Weekday,Bus (Metropolitan),458050
2019,9,Sep,Thursday,Normal Weekday,Train (Metropolitan),827000
2019,9,Sep,Thursday,Normal Weekday,Bus (Regional),46050
2019,9,Sep,Thursday,Normal Weekday,Train (Regional),61350
2019,9,Sep,Thursday,Normal Weekday,Tram,658350
2019,9,Sep,Thursday,School Holiday Weekday,Bus (Metropolitan),409700
2019,9,Sep,Thursday,School Holiday Weekday,Train (Metropolitan),861800
2019,9,Sep,Thursday,School Holiday Weekday,Bus (Regional),31600
2019,9,Sep,Thursday,School Holiday Weekday,Train (Regional),64000
2019,9,Sep,Thursday,School Holiday Weekday,Tram,471500
2019,9,Sep,Tuesday,Normal Weekday,Bus (Metropolitan),456200
2019,9,Sep,Tuesday,Normal Weekday,Train (Metropolitan),826650
2019,9,Sep,Tuesday,Normal Weekday,Bus (Regional),45850
2019,9,Sep,Tuesday,Normal Weekday,Train (Regional),61200
2019,9,Sep,Tuesday,Normal Weekday,Tram,642050
2019,9,Sep,Tuesday,School Holiday Weekday,Bus (Metropolitan),382200
2019,9,Sep,Tuesday,School Holiday Weekday,Train (Metropolitan),786850
2019,9,Sep,Tuesday,School Holiday Weekday,Bus (Regional),29300
2019,9,Sep,Tuesday,School Holiday Weekday,Train (Regional),57400
2019,9,Sep,Tuesday,School Holiday Weekday,Tram,645950
2019,9,Sep,Wednesday,Normal Weekday,Bus (Metropolitan),460050
2019,9,Sep,Wednesday,Normal Weekday,Train (Metropolitan),830550
2019,9,Sep,Wednesday,Normal Weekday,Bus (Regional),45550
2019,9,Sep,Wednesday,Normal Weekday,Train (Regional),60850
2019,9,Sep,Wednesday,Normal Weekday,Tram,656500
2019,9,Sep,Wednesday,School Holiday Weekday,Bus (Metropolitan),390300
2019,9,Sep,Wednesday,School Holiday Weekday,Train (Metropolitan),806150
2019,9,Sep,Wednesday,School Holiday Weekday,Bus (Regional),30300
2019,9,Sep,Wednesday,School Holiday Weekday,Train (Regional),59500
2019,9,Sep,Wednesday,School Holiday Weekday,Tram,661950
2019,10,Oct,Friday,Normal Weekday,Bus (Metropolitan),441050
2019,10,Oct,Friday,Normal Weekday,Train (Metropolitan),831000
2019,10,Oct,Friday,Normal Weekday,Bus (Regional),39850
2019,10,Oct,Friday,Normal Weekday,Train (Regional),63300
2019,10,Oct,Friday,Normal Weekday,Tram,632900
2019,10,Oct,Friday,School Holiday Weekday,Bus (Metropolitan),354200
2019,10,Oct,Friday,School Holiday Weekday,Train (Metropolitan),742350
2019,10,Oct,Friday,School Holiday Weekday,Bus (Regional),26000
2019,10,Oct,Friday,School Holiday Weekday,Train (Regional),33650
2019,10,Oct,Friday,School Holiday Weekday,Tram,617750
2019,10,Oct,Monday,Normal Weekday,Bus (Metropolitan),435250
2019,10,Oct,Monday,Normal Weekday,Train (Metropolitan),798600
2019,10,Oct,Monday,Normal Weekday,Bus (Regional),39250
2019,10,Oct,Monday,Normal Weekday,Train (Regional),58000
2019,10,Oct,Monday,Normal Weekday,Tram,588350
2019,10,Oct,Saturday,Weekend,Bus (Metropolitan),218250
2019,10,Oct,Saturday,Weekend,Train (Metropolitan),383350
2019,10,Oct,Saturday,Weekend,Bus (Regional),15050
2019,10,Oct,Saturday,Weekend,Train (Regional),29150
2019,10,Oct,Saturday,Weekend,Tram,395100
2019,10,Oct,Sunday,Weekend,Bus (Metropolitan),131250
2019,10,Oct,Sunday,Weekend,Train (Metropolitan),262700
2019,10,Oct,Sunday,Weekend,Bus (Regional),9450
2019,10,Oct,Sunday,Weekend,Train (Regional),22300
2019,10,Oct,Sunday,Weekend,Tram,305450
2019,10,Oct,Thursday,Normal Weekday,Bus (Metropolitan),443250
2019,10,Oct,Thursday,Normal Weekday,Train (Metropolitan),831300
2019,10,Oct,Thursday,Normal Weekday,Bus (Regional),40700
2019,10,Oct,Thursday,Normal Weekday,Train (Regional),61050
2019,10,Oct,Thursday,Normal Weekday,Tram,617550
2019,10,Oct,Thursday,School Holiday Weekday,Bus (Metropolitan),381700
2019,10,Oct,Thursday,School Holiday Weekday,Train (Metropolitan),792250
2019,10,Oct,Thursday,School Holiday Weekday,Bus (Regional),28000
2019,10,Oct,Thursday,School Holiday Weekday,Train (Regional),34700
2019,10,Oct,Thursday,School Holiday Weekday,Tram,626900
2019,10,Oct,Tuesday,Normal Weekday,Bus (Metropolitan),446700
2019,10,Oct,Tuesday,Normal Weekday,Train (Metropolitan),830950
2019,10,Oct,Tuesday,Normal Weekday,Bus (Regional),40550
2019,10,Oct,Tuesday,Normal Weekday,Train (Regional),61250
2019,10,Oct,Tuesday,Normal Weekday,Tram,604100
2019,10,Oct,Tuesday,School Holiday Weekday,Bus (Metropolitan),368950
2019,10,Oct,Tuesday,School Holiday Weekday,Train (Metropolitan),785100
2019,10,Oct,Tuesday,School Holiday Weekday,Bus (Regional),26400
2019,10,Oct,Tuesday,School Holiday Weekday,Train (Regional),35900
2019,10,Oct,Tuesday,School Holiday Weekday,Tram,610150
2019,10,Oct,Wednesday,Normal Weekday,Bus (Metropolitan),449350
2019,10,Oct,Wednesday,Normal Weekday,Train (Metropolitan),835900
2019,10,Oct,Wednesday,Normal Weekday,Bus (Regional),37900
2019,10,Oct,Wednesday,Normal Weekday,Train (Regional),62050
2019,10,Oct,Wednesday,Normal Weekday,Tram,624950
2019,10,Oct,Wednesday,School Holiday Weekday,Bus (Metropolitan),371100
2019,10,Oct,Wednesday,School Holiday Weekday,Train (Metropolitan),777650
2019,10,Oct,Wednesday,School Holiday Weekday,Bus (Regional),27850
2019,10,Oct,Wednesday,School Holiday Weekday,Train (Regional),35300
2019,10,Oct,Wednesday,School Holiday Weekday,Tram,622000
2019,11,Nov,Friday,Normal Weekday,Bus (Metropolitan),435700
2019,11,Nov,Friday,Normal Weekday,Train (Metropolitan),829150
2019,11,Nov,Friday,Normal Weekday,Bus (Regional),37250
2019,11,Nov,Friday,Normal Weekday,Train (Regional),59050
2019,11,Nov,Friday,Normal Weekday,Tram,624950
2019,11,Nov,Monday,Normal Weekday,Bus (Metropolitan),405800
2019,11,Nov,Monday,Normal Weekday,Train (Metropolitan),751350
2019,11,Nov,Monday,Normal Weekday,Bus (Regional),36600
2019,11,Nov,Monday,Normal Weekday,Train (Regional),51350
2019,11,Nov,Monday,Normal Weekday,Tram,554050
2019,11,Nov,Saturday,Weekend,Bus (Metropolitan),196200
2019,11,Nov,Saturday,Weekend,Train (Metropolitan),370350
2019,11,Nov,Saturday,Weekend,Bus (Regional),14800
2019,11,Nov,Saturday,Weekend,Train (Regional),28900
2019,11,Nov,Saturday,Weekend,Tram,400700
2019,11,Nov,Sunday,Weekend,Bus (Metropolitan),148700
2019,11,Nov,Sunday,Weekend,Train (Metropolitan),260750
2019,11,Nov,Sunday,Weekend,Bus (Regional),9400
2019,11,Nov,Sunday,Weekend,Train (Regional),19150
2019,11,Nov,Sunday,Weekend,Tram,312200
2019,11,Nov,Thursday,Normal Weekday,Bus (Metropolitan),437250
2019,11,Nov,Thursday,Normal Weekday,Train (Metropolitan),824850
2019,11,Nov,Thursday,Normal Weekday,Bus (Regional),37900
2019,11,Nov,Thursday,Normal Weekday,Train (Regional),56650
2019,11,Nov,Thursday,Normal Weekday,Tram,558750
2019,11,Nov,Tuesday,Normal Weekday,Bus (Metropolitan),437950
2019,11,Nov,Tuesday,Normal Weekday,Train (Metropolitan),822850
2019,11,Nov,Tuesday,Normal Weekday,Bus (Regional),38500
2019,11,Nov,Tuesday,Normal Weekday,Train (Regional),54000
2019,11,Nov,Tuesday,Normal Weekday,Tram,593300
2019,11,Nov,Wednesday,Normal Weekday,Bus (Metropolitan),449650
2019,11,Nov,Wednesday,Normal Weekday,Train (Metropolitan),818800
2019,11,Nov,Wednesday,Normal Weekday,Bus (Regional),39200
2019,11,Nov,Wednesday,Normal Weekday,Train (Regional),55900
2019,11,Nov,Wednesday,Normal Weekday,Tram,608650
2019,12,Dec,Friday,Normal Weekday,Bus (Metropolitan),374250
2019,12,Dec,Friday,Normal Weekday,Train (Metropolitan),752950
2019,12,Dec,Friday,Normal Weekday,Bus (Regional),30000
2019,12,Dec,Friday,Normal Weekday,Train (Regional),57800
2019,12,Dec,Friday,Normal Weekday,Tram,566950
2019,12,Dec,Friday,School Holiday Weekday,Bus (Metropolitan),220250
2019,12,Dec,Friday,School Holiday Weekday,Train (Metropolitan),415600
2019,12,Dec,Friday,School Holiday Weekday,Bus (Regional),19950
2019,12,Dec,Friday,School Holiday Weekday,Train (Regional),36900
2019,12,Dec,Friday,School Holiday Weekday,Tram,358900
2019,12,Dec,Monday,Normal Weekday,Bus (Metropolitan),391800
2019,12,Dec,Monday,Normal Weekday,Train (Metropolitan),752600
2019,12,Dec,Monday,Normal Weekday,Bus (Regional),32100
2019,12,Dec,Monday,Normal Weekday,Train (Regional),58950
2019,12,Dec,Monday,Normal Weekday,Tram,542400
2019,12,Dec,Monday,School Holiday Weekday,Bus (Metropolitan),226700
2019,12,Dec,Monday,School Holiday Weekday,Train (Metropolitan),403350
2019,12,Dec,Monday,School Holiday Weekday,Bus (Regional),19750
2019,12,Dec,Monday,School Holiday Weekday,Train (Regional),32400
2019,12,Dec,Monday,School Holiday Weekday,Tram,353250
2019,12,Dec,Saturday,Weekend,Bus (Metropolitan),200250
2019,12,Dec,Saturday,Weekend,Train (Metropolitan),375550
2019,12,Dec,Saturday,Weekend,Bus (Regional),15600
2019,12,Dec,Saturday,Weekend,Train (Regional),29450
2019,12,Dec,Saturday,Weekend,Tram,398950
2019,12,Dec,Sunday,Weekend,Bus (Metropolitan),144100
2019,12,Dec,Sunday,Weekend,Train (Metropolitan),287650
2019,12,Dec,Sunday,Weekend,Bus (Regional),10000
2019,12,Dec,Sunday,Weekend,Train (Regional),22550
2019,12,Dec,Sunday,Weekend,Tram,318150
2019,12,Dec,Thursday,Normal Weekday,Bus (Metropolitan),423850
2019,12,Dec,Thursday,Normal Weekday,Train (Metropolitan),802300
2019,12,Dec,Thursday,Normal Weekday,Bus (Regional),34250
2019,12,Dec,Thursday,Normal Weekday,Train (Regional),49350
2019,12,Dec,Thursday,Normal Weekday,Tram,556700
2019,12,Dec,Tuesday,Normal Weekday,Bus (Metropolitan),416550
2019,12,Dec,Tuesday,Normal Weekday,Train (Metropolitan),789800
2019,12,Dec,Tuesday,Normal Weekday,Bus (Regional),33350
2019,12,Dec,Tuesday,Normal Weekday,Train (Regional),59950
2019,12,Dec,Tuesday,Normal Weekday,Tram,589050
2019,12,Dec,Tuesday,School Holiday Weekday,Bus (Metropolitan),216150
2019,12,Dec,Tuesday,School Holiday Weekday,Train (Metropolitan),385450
2019,12,Dec,Tuesday,School Holiday Weekday,Bus (Regional),20050
2019,12,Dec,Tuesday,School Holiday Weekday,Train (Regional),34850
2019,12,Dec,Tuesday,School Holiday Weekday,Tram,316400
2019,12,Dec,Wednesday,Normal Weekday,Bus (Metropolitan),403200
2019,12,Dec,Wednesday,Normal Weekday,Train (Metropolitan),777450
2019,12,Dec,Wednesday,Normal Weekday,Bus (Regional),33450
2019,12,Dec,Wednesday,Normal Weekday,Train (Regional),58750
2019,12,Dec,Wednesday,Normal Weekday,Tram,580800
2020,1,Jan,Friday,Normal Weekday,Bus (Metropolitan),351950
2020,1,Jan,Friday,Normal Weekday,Train (Metropolitan),679150
2020,1,Jan,Friday,Normal Weekday,Bus (Regional),35950
2020,1,Jan,Friday,Normal Weekday,Train (Regional),54150
2020,1,Jan,Friday,Normal Weekday,Tram,459250
2020,1,Jan,Friday,School Holiday Weekday,Bus (Metropolitan),305050
2020,1,Jan,Friday,School Holiday Weekday,Train (Metropolitan),596000
2020,1,Jan,Friday,School Holiday Weekday,Bus (Regional),24750
2020,1,Jan,Friday,School Holiday Weekday,Train (Regional),50100
2020,1,Jan,Friday,School Holiday Weekday,Tram,496550
2020,1,Jan,Monday,School Holiday Weekday,Bus (Metropolitan),308650
2020,1,Jan,Monday,School Holiday Weekday,Train (Metropolitan),621850
2020,1,Jan,Monday,School Holiday Weekday,Bus (Regional),23350
2020,1,Jan,Monday,School Holiday Weekday,Train (Regional),51300
2020,1,Jan,Monday,School Holiday Weekday,Tram,484100
2020,1,Jan,Saturday,Weekend,Bus (Metropolitan),178950
2020,1,Jan,Saturday,Weekend,Train (Metropolitan),324000
2020,1,Jan,Saturday,Weekend,Bus (Regional),14600
2020,1,Jan,Saturday,Weekend,Train (Regional),24450
2020,1,Jan,Saturday,Weekend,Tram,367500
2020,1,Jan,Sunday,Weekend,Bus (Metropolitan),141400
2020,1,Jan,Sunday,Weekend,Train (Metropolitan),246000
2020,1,Jan,Sunday,Weekend,Bus (Regional),9150
2020,1,Jan,Sunday,Weekend,Train (Regional),19400
2020,1,Jan,Sunday,Weekend,Tram,271600
2020,1,Jan,Thursday,Normal Weekday,Bus (Metropolitan),392100
2020,1,Jan,Thursday,Normal Weekday,Train (Metropolitan),741650
2020,1,Jan,Thursday,Normal Weekday,Bus (Regional),34250
2020,1,Jan,Thursday,Normal Weekday,Train (Regional),58550
2020,1,Jan,Thursday,Normal Weekday,Tram,389050
2020,1,Jan,Thursday,School Holiday Weekday,Bus (Metropolitan),310900
2020,1,Jan,Thursday,School Holiday Weekday,Train (Metropolitan),592150
2020,1,Jan,Thursday,School Holiday Weekday,Bus (Regional),24350
2020,1,Jan,Thursday,School Holiday Weekday,Train (Regional),49750
2020,1,Jan,Thursday,School Holiday Weekday,Tram,503500
2020,1,Jan,Tuesday,School Holiday Weekday,Bus (Metropolitan),340100
2020,1,Jan,Tuesday,School Holiday Weekday,Train (Metropolitan),677800
2020,1,Jan,Tuesday,School Holiday Weekday,Bus (Regional),26100
2020,1,Jan,Tuesday,School Holiday Weekday,Train (Regional),55650
2020,1,Jan,Tuesday,School Holiday Weekday,Tram,488950
2020,1,Jan,Wednesday,Normal Weekday,Bus (Metropolitan),381650
2020,1,Jan,Wednesday,Normal Weekday,Train (Metropolitan),744100
2020,1,Jan,Wednesday,Normal Weekday,Bus (Regional),29350
2020,1,Jan,Wednesday,Normal Weekday,Train (Regional),37500
2020,1,Jan,Wednesday,Normal Weekday,Tram,551000
2020,1,Jan,Wednesday,School Holiday Weekday,Bus (Metropolitan),322600
2020,1,Jan,Wednesday,School Holiday Weekday,Train (Metropolitan),655250
2020,1,Jan,Wednesday,School Holiday Weekday,Bus (Regional),25150
2020,1,Jan,Wednesday,School Holiday Weekday,Train (Regional),54550
2020,1,Jan,Wednesday,School Holiday Weekday,Tram,525250
2020,2,Feb,Friday,Normal Weekday,Bus (Metropolitan),430250
2020,2,Feb,Friday,Normal Weekday,Train (Metropolitan),810450
2020,2,Feb,Friday,Normal Weekday,Bus (Regional),44800
2020,2,Feb,Friday,Normal Weekday,Train (Regional),62200
2020,2,Feb,Friday,Normal Weekday,Tram,598550
2020,2,Feb,Monday,Normal Weekday,Bus (Metropolitan),437150
2020,2,Feb,Monday,Normal Weekday,Train (Metropolitan),782050
2020,2,Feb,Monday,Normal Weekday,Bus (Regional),44750
2020,2,Feb,Monday,Normal Weekday,Train (Regional),59950
2020,2,Feb,Monday,Normal Weekday,Tram,523500
2020,2,Feb,Saturday,Weekend,Bus (Metropolitan),194350
2020,2,Feb,Saturday,Weekend,Train (Metropolitan),336050
2020,2,Feb,Saturday,Weekend,Bus (Regional),14600
2020,2,Feb,Saturday,Weekend,Train (Regional),27200
2020,2,Feb,Saturday,Weekend,Tram,392550
2020,2,Feb,Sunday,Weekend,Bus (Metropolitan),148200
2020,2,Feb,Sunday,Weekend,Train (Metropolitan),258900
2020,2,Feb,Sunday,Weekend,Bus (Regional),9350
2020,2,Feb,Sunday,Weekend,Train (Regional),22050
2020,2,Feb,Sunday,Weekend,Tram,328250
2020,2,Feb,Thursday,Normal Weekday,Bus (Metropolitan),459650
2020,2,Feb,Thursday,Normal Weekday,Train (Metropolitan),824950
2020,2,Feb,Thursday,Normal Weekday,Bus (Regional),47200
2020,2,Feb,Thursday,Normal Weekday,Train (Regional),62600
2020,2,Feb,Thursday,Normal Weekday,Tram,556950
2020,2,Feb,Tuesday,Normal Weekday,Bus (Metropolitan),439550
2020,2,Feb,Tuesday,Normal Weekday,Train (Metropolitan),806850
2020,2,Feb,Tuesday,Normal Weekday,Bus (Regional),46100
2020,2,Feb,Tuesday,Normal Weekday,Train (Regional),60250
2020,2,Feb,Tuesday,Normal Weekday,Tram,575150
2020,2,Feb,Wednesday,Normal Weekday,Bus (Metropolitan),444250
2020,2,Feb,Wednesday,Normal Weekday,Train (Metropolitan),813800
2020,2,Feb,Wednesday,Normal Weekday,Bus (Regional),45950
2020,2,Feb,Wednesday,Normal Weekday,Train (Regional),62950
2020,2,Feb,Wednesday,Normal Weekday,Tram,591100
2020,3,Mar,Friday,Normal Weekday,Bus (Metropolitan),375350
2020,3,Mar,Friday,Normal Weekday,Train (Metropolitan),656100
2020,3,Mar,Friday,Normal Weekday,Bus (Regional),40600
2020,3,Mar,Friday,Normal Weekday,Train (Regional),49750
2020,3,Mar,Friday,Normal Weekday,Tram,459650
2020,3,Mar,Friday,School Holiday Weekday,Bus (Metropolitan),84600
2020,3,Mar,Friday,School Holiday Weekday,Train (Metropolitan),120750
2020,3,Mar,Friday,School Holiday Weekday,Bus (Regional),8300
2020,3,Mar,Friday,School Holiday Weekday,Train (Regional),10950
2020,3,Mar,Friday,School Holiday Weekday,Tram,74850
2020,3,Mar,Monday,Normal Weekday,Bus (Metropolitan),345450
2020,3,Mar,Monday,Normal Weekday,Train (Metropolitan),584150
2020,3,Mar,Monday,Normal Weekday,Bus (Regional),36600
2020,3,Mar,Monday,Normal Weekday,Train (Regional),44000
2020,3,Mar,Monday,Normal Weekday,Tram,388650
2020,3,Mar,Monday,School Holiday Weekday,Bus (Metropolitan),64700
2020,3,Mar,Monday,School Holiday Weekday,Train (Metropolitan),95850
2020,3,Mar,Monday,School Holiday Weekday,Bus (Regional),6700
2020,3,Mar,Monday,School Holiday Weekday,Train (Regional),8900
2020,3,Mar,Monday,School Holiday Weekday,Tram,62300
2020,3,Mar,Saturday,Weekend,Bus (Metropolitan),137450
2020,3,Mar,Saturday,Weekend,Train (Metropolitan),214600
2020,3,Mar,Saturday,Weekend,Bus (Regional),10250
2020,3,Mar,Saturday,Weekend,Train (Regional),14650
2020,3,Mar,Saturday,Weekend,Tram,212100
2020,3,Mar,Sunday,Weekend,Bus (Metropolitan),97850
2020,3,Mar,Sunday,Weekend,Train (Metropolitan),182850
2020,3,Mar,Sunday,Weekend,Bus (Regional),7100
2020,3,Mar,Sunday,Weekend,Train (Regional),13800
2020,3,Mar,Sunday,Weekend,Tram,186150
2020,3,Mar,Thursday,Normal Weekday,Bus (Metropolitan),389700
2020,3,Mar,Thursday,Normal Weekday,Train (Metropolitan),694700
2020,3,Mar,Thursday,Normal Weekday,Bus (Regional),43100
2020,3,Mar,Thursday,Normal Weekday,Train (Regional),52250
2020,3,Mar,Thursday,Normal Weekday,Tram,471750
2020,3,Mar,Thursday,School Holiday Weekday,Bus (Metropolitan),89700
2020,3,Mar,Thursday,School Holiday Weekday,Train (Metropolitan),131000
2020,3,Mar,Thursday,School Holiday Weekday,Bus (Regional),8550
2020,3,Mar,Thursday,School Holiday Weekday,Train (Regional),10800
2020,3,Mar,Thursday,School Holiday Weekday,Tram,80350
2020,3,Mar,Tuesday,Normal Weekday,Bus (Metropolitan),431700
2020,3,Mar,Tuesday,Normal Weekday,Train (Metropolitan),759450
2020,3,Mar,Tuesday,Normal Weekday,Bus (Regional),45700
2020,3,Mar,Tuesday,Normal Weekday,Train (Regional),56450
2020,3,Mar,Tuesday,Normal Weekday,Tram,523300
2020,3,Mar,Tuesday,School Holiday Weekday,Bus (Metropolitan),87100
2020,3,Mar,Tuesday,School Holiday Weekday,Train (Metropolitan),131300
2020,3,Mar,Tuesday,School Holiday Weekday,Bus (Regional),8700
2020,3,Mar,Tuesday,School Holiday Weekday,Train (Regional),11200
2020,3,Mar,Tuesday,School Holiday Weekday,Tram,81500
2020,3,Mar,Wednesday,Normal Weekday,Bus (Metropolitan),418550
2020,3,Mar,Wednesday,Normal Weekday,Train (Metropolitan),727800
2020,3,Mar,Wednesday,Normal Weekday,Bus (Regional),43800
2020,3,Mar,Wednesday,Normal Weekday,Train (Regional),54600
2020,3,Mar,Wednesday,Normal Weekday,Tram,502700
2020,3,Mar,Wednesday,School Holiday Weekday,Bus (Metropolitan),95650
2020,3,Mar,Wednesday,School Holiday Weekday,Train (Metropolitan),147300
2020,3,Mar,Wednesday,School Holiday Weekday,Bus (Regional),9500
2020,3,Mar,Wednesday,School Holiday Weekday,Train (Regional),12800
2020,3,Mar,Wednesday,School Holiday Weekday,Tram,89000
2020,4,Apr,Friday,Normal Weekday,Bus (Metropolitan),63050
2020,4,Apr,Friday,Normal Weekday,Train (Metropolitan),88300
2020,4,Apr,Friday,Normal Weekday,Bus (Regional),7550
2020,4,Apr,Friday,Normal Weekday,Train (Regional),6950
2020,4,Apr,Friday,Normal Weekday,Tram,58150
2020,4,Apr,Friday,School Holiday Weekday,Bus (Metropolitan),65050
2020,4,Apr,Friday,School Holiday Weekday,Train (Metropolitan),84700
2020,4,Apr,Friday,School Holiday Weekday,Bus (Regional),6900
2020,4,Apr,Friday,School Holiday Weekday,Train (Regional),5400
2020,4,Apr,Friday,School Holiday Weekday,Tram,60050
2020,4,Apr,Monday,Normal Weekday,Bus (Metropolitan),60250
2020,4,Apr,Monday,Normal Weekday,Train (Metropolitan),85050
2020,4,Apr,Monday,Normal Weekday,Bus (Regional),7250
2020,4,Apr,Monday,Normal Weekday,Train (Regional),6850
2020,4,Apr,Monday,Normal Weekday,Tram,55250
2020,4,Apr,Monday,School Holiday Weekday,Bus (Metropolitan),62250
2020,4,Apr,Monday,School Holiday Weekday,Train (Metropolitan),83750
2020,4,Apr,Monday,School Holiday Weekday,Bus (Regional),6700
2020,4,Apr,Monday,School Holiday Weekday,Train (Regional),4850
2020,4,Apr,Monday,School Holiday Weekday,Tram,50000
2020,4,Apr,Saturday,Weekend,Bus (Metropolitan),40150
2020,4,Apr,Saturday,Weekend,Train (Metropolitan),43250
2020,4,Apr,Saturday,Weekend,Bus (Regional),3700
2020,4,Apr,Saturday,Weekend,Train (Regional),2550
2020,4,Apr,Saturday,Weekend,Tram,31750
2020,4,Apr,Sunday,Weekend,Bus (Metropolitan),22750
2020,4,Apr,Sunday,Weekend,Train (Metropolitan),31950
2020,4,Apr,Sunday,Weekend,Bus (Regional),2350
2020,4,Apr,Sunday,Weekend,Train (Regional),2000
2020,4,Apr,Sunday,Weekend,Tram,24950
2020,4,Apr,Thursday,Normal Weekday,Bus (Metropolitan),62600
2020,4,Apr,Thursday,Normal Weekday,Train (Metropolitan),89400
2020,4,Apr,Thursday,Normal Weekday,Bus (Regional),7650
2020,4,Apr,Thursday,Normal Weekday,Train (Regional),6800
2020,4,Apr,Thursday,Normal Weekday,Tram,59000
2020,4,Apr,Thursday,School Holiday Weekday,Bus (Metropolitan),62450
2020,4,Apr,Thursday,School Holiday Weekday,Train (Metropolitan),83500
2020,4,Apr,Thursday,School Holiday Weekday,Bus (Regional),7050
2020,4,Apr,Thursday,School Holiday Weekday,Train (Regional),4950
2020,4,Apr,Thursday,School Holiday Weekday,Tram,55650
2020,4,Apr,Tuesday,Normal Weekday,Bus (Metropolitan),63450
2020,4,Apr,Tuesday,Normal Weekday,Train (Metropolitan),89550
2020,4,Apr,Tuesday,Normal Weekday,Bus (Regional),7750
2020,4,Apr,Tuesday,Normal Weekday,Train (Regional),7150
2020,4,Apr,Tuesday,Normal Weekday,Tram,58850
2020,4,Apr,Tuesday,School Holiday Weekday,Bus (Metropolitan),60050
2020,4,Apr,Tuesday,School Holiday Weekday,Train (Metropolitan),81500
2020,4,Apr,Tuesday,School Holiday Weekday,Bus (Regional),6750
2020,4,Apr,Tuesday,School Holiday Weekday,Train (Regional),5700
2020,4,Apr,Tuesday,School Holiday Weekday,Tram,51600
2020,4,Apr,Wednesday,Normal Weekday,Bus (Metropolitan),59200
2020,4,Apr,Wednesday,Normal Weekday,Train (Metropolitan),85650
2020,4,Apr,Wednesday,Normal Weekday,Bus (Regional),7050
2020,4,Apr,Wednesday,Normal Weekday,Train (Regional),6500
2020,4,Apr,Wednesday,Normal Weekday,Tram,55450
2020,4,Apr,Wednesday,School Holiday Weekday,Bus (Metropolitan),63200
2020,4,Apr,Wednesday,School Holiday Weekday,Train (Metropolitan),85700
2020,4,Apr,Wednesday,School Holiday Weekday,Bus (Regional),7050
2020,4,Apr,Wednesday,School Holiday Weekday,Train (Regional),5100
2020,4,Apr,Wednesday,School Holiday Weekday,Tram,54750
2020,5,May,Friday,Normal Weekday,Bus (Metropolitan),96050
2020,5,May,Friday,Normal Weekday,Train (Metropolitan),132800
2020,5,May,Friday,Normal Weekday,Bus (Regional),11200
2020,5,May,Friday,Normal Weekday,Train (Regional),10950
2020,5,May,Friday,Normal Weekday,Tram,98500
2020,5,May,Monday,Normal Weekday,Bus (Metropolitan),89550
2020,5,May,Monday,Normal Weekday,Train (Metropolitan),122000
2020,5,May,Monday,Normal Weekday,Bus (Regional),10100
2020,5,May,Monday,Normal Weekday,Train (Regional),10200
2020,5,May,Monday,Normal Weekday,Tram,87750
2020,5,May,Saturday,Weekend,Bus (Metropolitan),63300
2020,5,May,Saturday,Weekend,Train (Metropolitan),86650
2020,5,May,Saturday,Weekend,Bus (Regional),6500
2020,5,May,Saturday,Weekend,Train (Regional),6050
2020,5,May,Saturday,Weekend,Tram,66850
2020,5,May,Sunday,Weekend,Bus (Metropolitan),43900
2020,5,May,Sunday,Weekend,Train (Metropolitan),61250
2020,5,May,Sunday,Weekend,Bus (Regional),4150
2020,5,May,Sunday,Weekend,Train (Regional),4750
2020,5,May,Sunday,Weekend,Tram,50650
2020,5,May,Thursday,Normal Weekday,Bus (Metropolitan),98350
2020,5,May,Thursday,Normal Weekday,Train (Metropolitan),135450
2020,5,May,Thursday,Normal Weekday,Bus (Regional),11700
2020,5,May,Thursday,Normal Weekday,Train (Regional),11250
2020,5,May,Thursday,Normal Weekday,Tram,97950
2020,5,May,Tuesday,Normal Weekday,Bus (Metropolitan),96300
2020,5,May,Tuesday,Normal Weekday,Train (Metropolitan),131650
2020,5,May,Tuesday,Normal Weekday,Bus (Regional),11050
2020,5,May,Tuesday,Normal Weekday,Train (Regional),10900
2020,5,May,Tuesday,Normal Weekday,Tram,94550
2020,5,May,Wednesday,Normal Weekday,Bus (Metropolitan),96550
2020,5,May,Wednesday,Normal Weekday,Train (Metropolitan),133900
2020,5,May,Wednesday,Normal Weekday,Bus (Regional),11300
2020,5,May,Wednesday,Normal Weekday,Train (Regional),11150
2020,5,May,Wednesday,Normal Weekday,Tram,96600
2020,6,Jun,Friday,Normal Weekday,Bus (Metropolitan),198250
2020,6,Jun,Friday,Normal Weekday,Train (Metropolitan),252150
2020,6,Jun,Friday,Normal Weekday,Bus (Regional),24700
2020,6,Jun,Friday,Normal Weekday,Train (Regional),18600
2020,6,Jun,Friday,Normal Weekday,Tram,167850
2020,6,Jun,Monday,Normal Weekday,Bus (Metropolitan),172650
2020,6,Jun,Monday,Normal Weekday,Train (Metropolitan),214200
2020,6,Jun,Monday,Normal Weekday,Bus (Regional),22800
2020,6,Jun,Monday,Normal Weekday,Train (Regional),16550
2020,6,Jun,Monday,Normal Weekday,Tram,135250
2020,6,Jun,Monday,School Holiday Weekday,Bus (Metropolitan),151500
2020,6,Jun,Monday,School Holiday Weekday,Train (Metropolitan),195150
2020,6,Jun,Monday,School Holiday Weekday,Bus (Regional),14050
2020,6,Jun,Monday,School Holiday Weekday,Train (Regional),15000
2020,6,Jun,Monday,School Holiday Weekday,Tram,137950
2020,6,Jun,Saturday,Weekend,Bus (Metropolitan),112950
2020,6,Jun,Saturday,Weekend,Train (Metropolitan),160800
2020,6,Jun,Saturday,Weekend,Bus (Regional),10050
2020,6,Jun,Saturday,Weekend,Train (Regional),10750
2020,6,Jun,Saturday,Weekend,Tram,118150
2020,6,Jun,Sunday,Weekend,Bus (Metropolitan),68100
2020,6,Jun,Sunday,Weekend,Train (Metropolitan),118600
2020,6,Jun,Sunday,Weekend,Bus (Regional),6250
2020,6,Jun,Sunday,Weekend,Train (Regional),7900
2020,6,Jun,Sunday,Weekend,Tram,84950
2020,6,Jun,Thursday,Normal Weekday,Bus (Metropolitan),200250
2020,6,Jun,Thursday,Normal Weekday,Train (Metropolitan),244100
2020,6,Jun,Thursday,Normal Weekday,Bus (Regional),26650
2020,6,Jun,Thursday,Normal Weekday,Train (Regional),17650
2020,6,Jun,Thursday,Normal Weekday,Tram,158500
2020,6,Jun,Tuesday,Normal Weekday,Bus (Metropolitan),190850
2020,6,Jun,Tuesday,Normal Weekday,Train (Metropolitan),229900
2020,6,Jun,Tuesday,Normal Weekday,Bus (Regional),25450
2020,6,Jun,Tuesday,Normal Weekday,Train (Regional),17200
2020,6,Jun,Tuesday,Normal Weekday,Tram,148050
2020,6,Jun,Tuesday,School Holiday Weekday,Bus (Metropolitan),149850
2020,6,Jun,Tuesday,School Holiday Weekday,Train (Metropolitan),197700
2020,6,Jun,Tuesday,School Holiday Weekday,Bus (Regional),14200
2020,6,Jun,Tuesday,School Holiday Weekday,Train (Regional),15300
2020,6,Jun,Tuesday,School Holiday Weekday,Tram,139450
2020,6,Jun,Wednesday,Normal Weekday,Bus (Metropolitan),195450
2020,6,Jun,Wednesday,Normal Weekday,Train (Metropolitan),237500
2020,6,Jun,Wednesday,Normal Weekday,Bus (Regional),26100
2020,6,Jun,Wednesday,Normal Weekday,Train (Regional),17600
2020,6,Jun,Wednesday,Normal Weekday,Tram,153450
2020,7,Jul,Friday,Normal Weekday,Bus (Metropolitan),110800
2020,7,Jul,Friday,Normal Weekday,Train (Metropolitan),126200
2020,7,Jul,Friday,Normal Weekday,Bus (Regional),26600
2020,7,Jul,Friday,Normal Weekday,Train (Regional),11200
2020,7,Jul,Friday,Normal Weekday,Tram,76900
2020,7,Jul,Friday,School Holiday Weekday,Bus (Metropolitan),119650
2020,7,Jul,Friday,School Holiday Weekday,Train (Metropolitan),151400
2020,7,Jul,Friday,School Holiday Weekday,Bus (Regional),14100
2020,7,Jul,Friday,School Holiday Weekday,Train (Regional),13000
2020,7,Jul,Friday,School Holiday Weekday,Tram,106250
2020,7,Jul,Monday,Normal Weekday,Bus (Metropolitan),108700
2020,7,Jul,Monday,Normal Weekday,Train (Metropolitan),124500
2020,7,Jul,Monday,Normal Weekday,Bus (Regional),26250
2020,7,Jul,Monday,Normal Weekday,Train (Regional),11000
2020,7,Jul,Monday,Normal Weekday,Tram,73800
2020,7,Jul,Monday,School Holiday Weekday,Bus (Metropolitan),135100
2020,7,Jul,Monday,School Holiday Weekday,Train (Metropolitan),167850
2020,7,Jul,Monday,School Holiday Weekday,Bus (Regional),14100
2020,7,Jul,Monday,School Holiday Weekday,Train (Regional),13800
2020,7,Jul,Monday,School Holiday Weekday,Tram,115700
2020,7,Jul,Saturday,Weekend,Bus (Metropolitan),63550
2020,7,Jul,Saturday,Weekend,Train (Metropolitan),73850
2020,7,Jul,Saturday,Weekend,Bus (Regional),9700
2020,7,Jul,Saturday,Weekend,Train (Regional),5150
2020,7,Jul,Saturday,Weekend,Tram,57500
2020,7,Jul,Sunday,Weekend,Bus (Metropolitan),38800
2020,7,Jul,Sunday,Weekend,Train (Metropolitan),56750
2020,7,Jul,Sunday,Weekend,Bus (Regional),6050
2020,7,Jul,Sunday,Weekend,Train (Regional),4000
2020,7,Jul,Sunday,Weekend,Tram,41150
2020,7,Jul,Thursday,Normal Weekday,Bus (Metropolitan),113100
2020,7,Jul,Thursday,Normal Weekday,Train (Metropolitan),128100
2020,7,Jul,Thursday,Normal Weekday,Bus (Regional),27550
2020,7,Jul,Thursday,Normal Weekday,Train (Regional),11100
2020,7,Jul,Thursday,Normal Weekday,Tram,77400
2020,7,Jul,Thursday,School Holiday Weekday,Bus (Metropolitan),130350
2020,7,Jul,Thursday,School Holiday Weekday,Train (Metropolitan),157000
2020,7,Jul,Thursday,School Holiday Weekday,Bus (Regional),15550
2020,7,Jul,Thursday,School Holiday Weekday,Train (Regional),12700
2020,7,Jul,Thursday,School Holiday Weekday,Tram,110000
2020,7,Jul,Tuesday,Normal Weekday,Bus (Metropolitan),112350
2020,7,Jul,Tuesday,Normal Weekday,Train (Metropolitan),129350
2020,7,Jul,Tuesday,Normal Weekday,Bus (Regional),27600
2020,7,Jul,Tuesday,Normal Weekday,Train (Regional),11550
2020,7,Jul,Tuesday,Normal Weekday,Tram,78700
2020,7,Jul,Tuesday,School Holiday Weekday,Bus (Metropolitan),137800
2020,7,Jul,Tuesday,School Holiday Weekday,Train (Metropolitan),177100
2020,7,Jul,Tuesday,School Holiday Weekday,Bus (Regional),13900
2020,7,Jul,Tuesday,School Holiday Weekday,Train (Regional),14850
2020,7,Jul,Tuesday,School Holiday Weekday,Tram,122550
2020,7,Jul,Wednesday,Normal Weekday,Bus (Metropolitan),114600
2020,7,Jul,Wednesday,Normal Weekday,Train (Metropolitan),129750
2020,7,Jul,Wednesday,Normal Weekday,Bus (Regional),27900
2020,7,Jul,Wednesday,Normal Weekday,Train (Regional),11550
2020,7,Jul,Wednesday,Normal Weekday,Tram,78800
2020,7,Jul,Wednesday,School Holiday Weekday,Bus (Metropolitan),154900
2020,7,Jul,Wednesday,School Holiday Weekday,Train (Metropolitan),188700
2020,7,Jul,Wednesday,School Holiday Weekday,Bus (Regional),15350
2020,7,Jul,Wednesday,School Holiday Weekday,Train (Regional),14700
2020,7,Jul,Wednesday,School Holiday Weekday,Tram,141400
2020,8,Aug,Friday,Normal Weekday,Bus (Metropolitan),67500
2020,8,Aug,Friday,Normal Weekday,Train (Metropolitan),65300
2020,8,Aug,Friday,Normal Weekday,Bus (Regional),10350
2020,8,Aug,Friday,Normal Weekday,Train (Regional),5750
2020,8,Aug,Friday,Normal Weekday,Tram,43950
2020,8,Aug,Monday,Normal Weekday,Bus (Metropolitan),71600
2020,8,Aug,Monday,Normal Weekday,Train (Metropolitan),69400
2020,8,Aug,Monday,Normal Weekday,Bus (Regional),12100
2020,8,Aug,Monday,Normal Weekday,Train (Regional),6050
2020,8,Aug,Monday,Normal Weekday,Tram,45500
2020,8,Aug,Saturday,Weekend,Bus (Metropolitan),41600
2020,8,Aug,Saturday,Weekend,Train (Metropolitan),39250
2020,8,Aug,Saturday,Weekend,Bus (Regional),6450
2020,8,Aug,Saturday,Weekend,Train (Regional),2900
2020,8,Aug,Saturday,Weekend,Tram,30600
2020,8,Aug,Sunday,Weekend,Bus (Metropolitan),25600
2020,8,Aug,Sunday,Weekend,Train (Metropolitan),32100
2020,8,Aug,Sunday,Weekend,Bus (Regional),4150
2020,8,Aug,Sunday,Weekend,Train (Regional),2250
2020,8,Aug,Sunday,Weekend,Tram,22750
2020,8,Aug,Thursday,Normal Weekday,Bus (Metropolitan),68100
2020,8,Aug,Thursday,Normal Weekday,Train (Metropolitan),66500
2020,8,Aug,Thursday,Normal Weekday,Bus (Regional),10300
2020,8,Aug,Thursday,Normal Weekday,Train (Regional),5950
2020,8,Aug,Thursday,Normal Weekday,Tram,44400
2020,8,Aug,Tuesday,Normal Weekday,Bus (Metropolitan),69200
2020,8,Aug,Tuesday,Normal Weekday,Train (Metropolitan),70800
2020,8,Aug,Tuesday,Normal Weekday,Bus (Regional),10100
2020,8,Aug,Tuesday,Normal Weekday,Train (Regional),6200
2020,8,Aug,Tuesday,Normal Weekday,Tram,46600
2020,8,Aug,Wednesday,Normal Weekday,Bus (Metropolitan),70200
2020,8,Aug,Wednesday,Normal Weekday,Train (Metropolitan),70850
2020,8,Aug,Wednesday,Normal Weekday,Bus (Regional),10400
2020,8,Aug,Wednesday,Normal Weekday,Train (Regional),6300
2020,8,Aug,Wednesday,Normal Weekday,Tram,47450
2020,9,Sep,Friday,Normal Weekday,Bus (Metropolitan),81550
2020,9,Sep,Friday,Normal Weekday,Train (Metropolitan),70200
2020,9,Sep,Friday,Normal Weekday,Bus (Regional),12550
2020,9,Sep,Friday,Normal Weekday,Train (Regional),6750
2020,9,Sep,Friday,Normal Weekday,Tram,45600
2020,9,Sep,Friday,School Holiday Weekday,Bus (Metropolitan),72600
2020,9,Sep,Friday,School Holiday Weekday,Train (Metropolitan),71550
2020,9,Sep,Friday,School Holiday Weekday,Bus (Regional),11650
2020,9,Sep,Friday,School Holiday Weekday,Train (Regional),7300
2020,9,Sep,Friday,School Holiday Weekday,Tram,44850
2020,9,Sep,Monday,Normal Weekday,Bus (Metropolitan),76800
2020,9,Sep,Monday,Normal Weekday,Train (Metropolitan),65900
2020,9,Sep,Monday,Normal Weekday,Bus (Regional),11200
2020,9,Sep,Monday,Normal Weekday,Train (Regional),6250
2020,9,Sep,Monday,Normal Weekday,Tram,41550
2020,9,Sep,Monday,School Holiday Weekday,Bus (Metropolitan),83900
2020,9,Sep,Monday,School Holiday Weekday,Train (Metropolitan),73650
2020,9,Sep,Monday,School Holiday Weekday,Bus (Regional),13050
2020,9,Sep,Monday,School Holiday Weekday,Train (Regional),7500
2020,9,Sep,Monday,School Holiday Weekday,Tram,46250
2020,9,Sep,Saturday,Weekend,Bus (Metropolitan),40700
2020,9,Sep,Saturday,Weekend,Train (Metropolitan),37800
2020,9,Sep,Saturday,Weekend,Bus (Regional),5900
2020,9,Sep,Saturday,Weekend,Train (Regional),3050
2020,9,Sep,Saturday,Weekend,Tram,35400
2020,9,Sep,Sunday,Weekend,Bus (Metropolitan),27400
2020,9,Sep,Sunday,Weekend,Train (Metropolitan),32450
2020,9,Sep,Sunday,Weekend,Bus (Regional),3800
2020,9,Sep,Sunday,Weekend,Train (Regional),2550
2020,9,Sep,Sunday,Weekend,Tram,29600
2020,9,Sep,Thursday,Normal Weekday,Bus (Metropolitan),79900
2020,9,Sep,Thursday,Normal Weekday,Train (Metropolitan),68600
2020,9,Sep,Thursday,Normal Weekday,Bus (Regional),12200
2020,9,Sep,Thursday,Normal Weekday,Train (Regional),6600
2020,9,Sep,Thursday,Normal Weekday,Tram,43750
2020,9,Sep,Thursday,School Holiday Weekday,Bus (Metropolitan),84700
2020,9,Sep,Thursday,School Holiday Weekday,Train (Metropolitan),75600
2020,9,Sep,Thursday,School Holiday Weekday,Bus (Regional),13800
2020,9,Sep,Thursday,School Holiday Weekday,Train (Regional),7600
2020,9,Sep,Thursday,School Holiday Weekday,Tram,46550
2020,9,Sep,Tuesday,Normal Weekday,Bus (Metropolitan),75600
2020,9,Sep,Tuesday,Normal Weekday,Train (Metropolitan),66850
2020,9,Sep,Tuesday,Normal Weekday,Bus (Regional),11050
2020,9,Sep,Tuesday,Normal Weekday,Train (Regional),6150
2020,9,Sep,Tuesday,Normal Weekday,Tram,42250
2020,9,Sep,Tuesday,School Holiday Weekday,Bus (Metropolitan),85200
2020,9,Sep,Tuesday,School Holiday Weekday,Train (Metropolitan),77550
2020,9,Sep,Tuesday,School Holiday Weekday,Bus (Regional),12800
2020,9,Sep,Tuesday,School Holiday Weekday,Train (Regional),7700
2020,9,Sep,Tuesday,School Holiday Weekday,Tram,49450
2020,9,Sep,Wednesday,Normal Weekday,Bus (Metropolitan),79200
2020,9,Sep,Wednesday,Normal Weekday,Train (Metropolitan),67900
2020,9,Sep,Wednesday,Normal Weekday,Bus (Regional),11750
2020,9,Sep,Wednesday,Normal Weekday,Train (Regional),6450
2020,9,Sep,Wednesday,Normal Weekday,Tram,43250
2020,9,Sep,Wednesday,School Holiday Weekday,Bus (Metropolitan),84300
2020,9,Sep,Wednesday,School Holiday Weekday,Train (Metropolitan),78200
2020,9,Sep,Wednesday,School Holiday Weekday,Bus (Regional),13000
2020,9,Sep,Wednesday,School Holiday Weekday,Train (Regional),7950
2020,9,Sep,Wednesday,School Holiday Weekday,Tram,47750
2020,10,Oct,Friday,Normal Weekday,Bus (Metropolitan),160950
2020,10,Oct,Friday,Normal Weekday,Train (Metropolitan),136550
2020,10,Oct,Friday,Normal Weekday,Bus (Regional),29650
2020,10,Oct,Friday,Normal Weekday,Train (Regional),11000
2020,10,Oct,Friday,Normal Weekday,Tram,79250
2020,10,Oct,Friday,School Holiday Weekday,Bus (Metropolitan),103750
2020,10,Oct,Friday,School Holiday Weekday,Train (Metropolitan),89650
2020,10,Oct,Friday,School Holiday Weekday,Bus (Regional),18500
2020,10,Oct,Friday,School Holiday Weekday,Train (Regional),8800
2020,10,Oct,Friday,School Holiday Weekday,Tram,56050
2020,10,Oct,Monday,Normal Weekday,Bus (Metropolitan),143050
2020,10,Oct,Monday,Normal Weekday,Train (Metropolitan),115200
2020,10,Oct,Monday,Normal Weekday,Bus (Regional),28750
2020,10,Oct,Monday,Normal Weekday,Train (Regional),9950
2020,10,Oct,Monday,Normal Weekday,Tram,62350
2020,10,Oct,Saturday,Weekend,Bus (Metropolitan),70150
2020,10,Oct,Saturday,Weekend,Train (Metropolitan),69850
2020,10,Oct,Saturday,Weekend,Bus (Regional),9800
2020,10,Oct,Saturday,Weekend,Train (Regional),4400
2020,10,Oct,Saturday,Weekend,Tram,82000
2020,10,Oct,Sunday,Weekend,Bus (Metropolitan),46600
2020,10,Oct,Sunday,Weekend,Train (Metropolitan),45350
2020,10,Oct,Sunday,Weekend,Bus (Regional),5800
2020,10,Oct,Sunday,Weekend,Train (Regional),3600
2020,10,Oct,Sunday,Weekend,Tram,47550
2020,10,Oct,Thursday,Normal Weekday,Bus (Metropolitan),161300
2020,10,Oct,Thursday,Normal Weekday,Train (Metropolitan),132600
2020,10,Oct,Thursday,Normal Weekday,Bus (Regional),31350
2020,10,Oct,Thursday,Normal Weekday,Train (Regional),11000
2020,10,Oct,Thursday,Normal Weekday,Tram,74950
2020,10,Oct,Thursday,School Holiday Weekday,Bus (Metropolitan),106350
2020,10,Oct,Thursday,School Holiday Weekday,Train (Metropolitan),88550
2020,10,Oct,Thursday,School Holiday Weekday,Bus (Regional),18200
2020,10,Oct,Thursday,School Holiday Weekday,Train (Regional),8800
2020,10,Oct,Thursday,School Holiday Weekday,Tram,53200
2020,10,Oct,Tuesday,Normal Weekday,Bus (Metropolitan),149000
2020,10,Oct,Tuesday,Normal Weekday,Train (Metropolitan),122150
2020,10,Oct,Tuesday,Normal Weekday,Bus (Regional),31050
2020,10,Oct,Tuesday,Normal Weekday,Train (Regional),10550
2020,10,Oct,Tuesday,Normal Weekday,Tram,66250
2020,10,Oct,Wednesday,Normal Weekday,Bus (Metropolitan),163150
2020,10,Oct,Wednesday,Normal Weekday,Train (Metropolitan),135000
2020,10,Oct,Wednesday,Normal Weekday,Bus (Regional),29000
2020,10,Oct,Wednesday,Normal Weekday,Train (Regional),11100
2020,10,Oct,Wednesday,Normal Weekday,Tram,75000
2020,11,Nov,Friday,Normal Weekday,Bus (Metropolitan),250550
2020,11,Nov,Friday,Normal Weekday,Train (Metropolitan),256700
2020,11,Nov,Friday,Normal Weekday,Bus (Regional),31200
2020,11,Nov,Friday,Normal Weekday,Train (Regional),19200
2020,11,Nov,Friday,Normal Weekday,Tram,179900
2020,11,Nov,Monday,Normal Weekday,Bus (Metropolitan),222050
2020,11,Nov,Monday,Normal Weekday,Train (Metropolitan),209250
2020,11,Nov,Monday,Normal Weekday,Bus (Regional),28650
2020,11,Nov,Monday,Normal Weekday,Train (Regional),16750
2020,11,Nov,Monday,Normal Weekday,Tram,147650
2020,11,Nov,Saturday,Weekend,Bus (Metropolitan),132800
2020,11,Nov,Saturday,Weekend,Train (Metropolitan),197950
2020,11,Nov,Saturday,Weekend,Bus (Regional),10900
2020,11,Nov,Saturday,Weekend,Train (Regional),10800
2020,11,Nov,Saturday,Weekend,Tram,167950
2020,11,Nov,Sunday,Weekend,Bus (Metropolitan),85400
2020,11,Nov,Sunday,Weekend,Train (Metropolitan),126600
2020,11,Nov,Sunday,Weekend,Bus (Regional),6350
2020,11,Nov,Sunday,Weekend,Train (Regional),7950
2020,11,Nov,Sunday,Weekend,Tram,108850
2020,11,Nov,Thursday,Normal Weekday,Bus (Metropolitan),244000
2020,11,Nov,Thursday,Normal Weekday,Train (Metropolitan),232600
2020,11,Nov,Thursday,Normal Weekday,Bus (Regional),31800
2020,11,Nov,Thursday,Normal Weekday,Train (Regional),17700
2020,11,Nov,Thursday,Normal Weekday,Tram,162950
2020,11,Nov,Tuesday,Normal Weekday,Bus (Metropolitan),243050
2020,11,Nov,Tuesday,Normal Weekday,Train (Metropolitan),228000
2020,11,Nov,Tuesday,Normal Weekday,Bus (Regional),32150
2020,11,Nov,Tuesday,Normal Weekday,Train (Regional),18050
2020,11,Nov,Tuesday,Normal Weekday,Tram,158350
2020,11,Nov,Wednesday,Normal Weekday,Bus (Metropolitan),234100
2020,11,Nov,Wednesday,Normal Weekday,Train (Metropolitan),221300
2020,11,Nov,Wednesday,Normal Weekday,Bus (Regional),30800
2020,11,Nov,Wednesday,Normal Weekday,Train (Regional),17250
2020,11,Nov,Wednesday,Normal Weekday,Tram,153250
2020,12,Dec,Friday,Normal Weekday,Bus (Metropolitan),263850
2020,12,Dec,Friday,Normal Weekday,Train (Metropolitan),333150
2020,12,Dec,Friday,Normal Weekday,Bus (Regional),24800
2020,12,Dec,Friday,Normal Weekday,Train (Regional),28300
2020,12,Dec,Friday,Normal Weekday,Tram,271850
2020,12,Dec,Monday,Normal Weekday,Bus (Metropolitan),228450
2020,12,Dec,Monday,Normal Weekday,Train (Metropolitan),245600
2020,12,Dec,Monday,Normal Weekday,Bus (Regional),22050
2020,12,Dec,Monday,Normal Weekday,Train (Regional),22500
2020,12,Dec,Monday,Normal Weekday,Tram,198500
2020,12,Dec,Monday,School Holiday Weekday,Bus (Metropolitan),211050
2020,12,Dec,Monday,School Holiday Weekday,Train (Metropolitan),258900
2020,12,Dec,Monday,School Holiday Weekday,Bus (Regional),18300
2020,12,Dec,Monday,School Holiday Weekday,Train (Regional),22650
2020,12,Dec,Monday,School Holiday Weekday,Tram,216650
2020,12,Dec,Saturday,Weekend,Bus (Metropolitan),147000
2020,12,Dec,Saturday,Weekend,Train (Metropolitan),231700
2020,12,Dec,Saturday,Weekend,Bus (Regional),11500
2020,12,Dec,Saturday,Weekend,Train (Regional),17500
2020,12,Dec,Saturday,Weekend,Tram,190100
2020,12,Dec,Sunday,Weekend,Bus (Metropolitan),98100
2020,12,Dec,Sunday,Weekend,Train (Metropolitan),166400
2020,12,Dec,Sunday,Weekend,Bus (Regional),7150
2020,12,Dec,Sunday,Weekend,Train (Regional),13550
2020,12,Dec,Sunday,Weekend,Tram,131350
2020,12,Dec,Thursday,Normal Weekday,Bus (Metropolitan),256650
2020,12,Dec,Thursday,Normal Weekday,Train (Metropolitan),298400
2020,12,Dec,Thursday,Normal Weekday,Bus (Regional),25300
2020,12,Dec,Thursday,Normal Weekday,Train (Regional),25700
2020,12,Dec,Thursday,Normal Weekday,Tram,244250
2020,12,Dec,Thursday,School Holiday Weekday,Bus (Metropolitan),155600
2020,12,Dec,Thursday,School Holiday Weekday,Train (Metropolitan),189700
2020,12,Dec,Thursday,School Holiday Weekday,Bus (Regional),15300
2020,12,Dec,Thursday,School Holiday Weekday,Train (Regional),18000
2020,12,Dec,Thursday,School Holiday Weekday,Tram,151850
2020,12,Dec,Tuesday,Normal Weekday,Bus (Metropolitan),238950
2020,12,Dec,Tuesday,Normal Weekday,Train (Metropolitan),264600
2020,12,Dec,Tuesday,Normal Weekday,Bus (Regional),24350
2020,12,Dec,Tuesday,Normal Weekday,Train (Regional),23150
2020,12,Dec,Tuesday,Normal Weekday,Tram,211200
2020,12,Dec,Tuesday,School Holiday Weekday,Bus (Metropolitan),179550
2020,12,Dec,Tuesday,School Holiday Weekday,Train (Metropolitan),236500
2020,12,Dec,Tuesday,School Holiday Weekday,Bus (Regional),15800
2020,12,Dec,Tuesday,School Holiday Weekday,Train (Regional),19650
2020,12,Dec,Tuesday,School Holiday Weekday,Tram,197700
2020,12,Dec,Wednesday,Normal Weekday,Bus (Metropolitan),262050
2020,12,Dec,Wednesday,Normal Weekday,Train (Metropolitan),290700
2020,12,Dec,Wednesday,Normal Weekday,Bus (Regional),25400
2020,12,Dec,Wednesday,Normal Weekday,Train (Regional),24350
2020,12,Dec,Wednesday,Normal Weekday,Tram,237000
2020,12,Dec,Wednesday,School Holiday Weekday,Bus (Metropolitan),194000
2020,12,Dec,Wednesday,School Holiday Weekday,Train (Metropolitan),242850
2020,12,Dec,Wednesday,School Holiday Weekday,Bus (Regional),17800
2020,12,Dec,Wednesday,School Holiday Weekday,Train (Regional),21000
2020,12,Dec,Wednesday,School Holiday Weekday,Tram,207200
2021,1,Jan,Friday,Normal Weekday,Bus (Metropolitan),194300
2021,1,Jan,Friday,Normal Weekday,Train (Metropolitan),294400
2021,1,Jan,Friday,Normal Weekday,Bus (Regional),18900
2021,1,Jan,Friday,Normal Weekday,Train (Regional),19600
2021,1,Jan,Friday,Normal Weekday,Tram,232100
2021,1,Jan,Friday,School Holiday Weekday,Bus (Metropolitan),194650
2021,1,Jan,Friday,School Holiday Weekday,Train (Metropolitan),265250
2021,1,Jan,Friday,School Holiday Weekday,Bus (Regional),16700
2021,1,Jan,Friday,School Holiday Weekday,Train (Regional),22400
2021,1,Jan,Friday,School Holiday Weekday,Tram,222250
2021,1,Jan,Monday,School Holiday Weekday,Bus (Metropolitan),160700
2021,1,Jan,Monday,School Holiday Weekday,Train (Metropolitan),210350
2021,1,Jan,Monday,School Holiday Weekday,Bus (Regional),14050
2021,1,Jan,Monday,School Holiday Weekday,Train (Regional),18300
2021,1,Jan,Monday,School Holiday Weekday,Tram,168150
2021,1,Jan,Saturday,Weekend,Bus (Metropolitan),122150
2021,1,Jan,Saturday,Weekend,Train (Metropolitan),207750
2021,1,Jan,Saturday,Weekend,Bus (Regional),9900
2021,1,Jan,Saturday,Weekend,Train (Regional),14800
2021,1,Jan,Saturday,Weekend,Tram,166500
2021,1,Jan,Sunday,Weekend,Bus (Metropolitan),86050
2021,1,Jan,Sunday,Weekend,Train (Metropolitan),151700
2021,1,Jan,Sunday,Weekend,Bus (Regional),6200
2021,1,Jan,Sunday,Weekend,Train (Regional),12000
2021,1,Jan,Sunday,Weekend,Tram,122100
2021,1,Jan,Thursday,Normal Weekday,Bus (Metropolitan),239800
2021,1,Jan,Thursday,Normal Weekday,Train (Metropolitan),322600
2021,1,Jan,Thursday,Normal Weekday,Bus (Regional),19900
2021,1,Jan,Thursday,Normal Weekday,Train (Regional),22550
2021,1,Jan,Thursday,Normal Weekday,Tram,268350
2021,1,Jan,Thursday,School Holiday Weekday,Bus (Metropolitan),200600
2021,1,Jan,Thursday,School Holiday Weekday,Train (Metropolitan),255200
2021,1,Jan,Thursday,School Holiday Weekday,Bus (Regional),17100
2021,1,Jan,Thursday,School Holiday Weekday,Train (Regional),22150
2021,1,Jan,Thursday,School Holiday Weekday,Tram,209300
2021,1,Jan,Tuesday,School Holiday Weekday,Bus (Metropolitan),184500
2021,1,Jan,Tuesday,School Holiday Weekday,Train (Metropolitan),235200
2021,1,Jan,Tuesday,School Holiday Weekday,Bus (Regional),15850
2021,1,Jan,Tuesday,School Holiday Weekday,Train (Regional),19700
2021,1,Jan,Tuesday,School Holiday Weekday,Tram,196200
2021,1,Jan,Wednesday,School Holiday Weekday,Bus (Metropolitan),202550
2021,1,Jan,Wednesday,School Holiday Weekday,Train (Metropolitan),266800
2021,1,Jan,Wednesday,School Holiday Weekday,Bus (Regional),17050
2021,1,Jan,Wednesday,School Holiday Weekday,Train (Regional),21950
2021,1,Jan,Wednesday,School Holiday Weekday,Tram,218700
2021,2,Feb,Friday,Normal Weekday,Bus (Metropolitan),259950
2021,2,Feb,Friday,Normal Weekday,Train (Metropolitan),354450
2021,2,Feb,Friday,Normal Weekday,Bus (Regional),30750
2021,2,Feb,Friday,Normal Weekday,Train (Regional),29350
2021,2,Feb,Friday,Normal Weekday,Tram,270150
2021,2,Feb,Monday,Normal Weekday,Bus (Metropolitan),219250
2021,2,Feb,Monday,Normal Weekday,Train (Metropolitan),265800
2021,2,Feb,Monday,Normal Weekday,Bus (Regional),24800
2021,2,Feb,Monday,Normal Weekday,Train (Regional),21900
2021,2,Feb,Monday,Normal Weekday,Tram,201950
2021,2,Feb,Saturday,Weekend,Bus (Metropolitan),112500
2021,2,Feb,Saturday,Weekend,Train (Metropolitan),181150
2021,2,Feb,Saturday,Weekend,Bus (Regional),8700
2021,2,Feb,Saturday,Weekend,Train (Regional),12250
2021,2,Feb,Saturday,Weekend,Tram,170250
2021,2,Feb,Sunday,Weekend,Bus (Metropolitan),77750
2021,2,Feb,Sunday,Weekend,Train (Metropolitan),127800
2021,2,Feb,Sunday,Weekend,Bus (Regional),5550
2021,2,Feb,Sunday,Weekend,Train (Regional),9250
2021,2,Feb,Sunday,Weekend,Tram,120550
2021,2,Feb,Thursday,Normal Weekday,Bus (Metropolitan),272000
2021,2,Feb,Thursday,Normal Weekday,Train (Metropolitan),348250
2021,2,Feb,Thursday,Normal Weekday,Bus (Regional),31850
2021,2,Feb,Thursday,Normal Weekday,Train (Regional),27800
2021,2,Feb,Thursday,Normal Weekday,Tram,265500
2021,2,Feb,Tuesday,Normal Weekday,Bus (Metropolitan),227550
2021,2,Feb,Tuesday,Normal Weekday,Train (Metropolitan),287050
2021,2,Feb,Tuesday,Normal Weekday,Bus (Regional),25900
2021,2,Feb,Tuesday,Normal Weekday,Train (Regional),23000
2021,2,Feb,Tuesday,Normal Weekday,Tram,213950
2021,2,Feb,Wednesday,Normal Weekday,Bus (Metropolitan),235450
2021,2,Feb,Wednesday,Normal Weekday,Train (Metropolitan),298050
2021,2,Feb,Wednesday,Normal Weekday,Bus (Regional),25350
2021,2,Feb,Wednesday,Normal Weekday,Train (Regional),24700
2021,2,Feb,Wednesday,Normal Weekday,Tram,228200
2021,3,Mar,Friday,Normal Weekday,Bus (Metropolitan),299900
2021,3,Mar,Friday,Normal Weekday,Train (Metropolitan),446400
2021,3,Mar,Friday,Normal Weekday,Bus (Regional),30950
2021,3,Mar,Friday,Normal Weekday,Train (Regional),37950
2021,3,Mar,Friday,Normal Weekday,Tram,329450
2021,3,Mar,Monday,Normal Weekday,Bus (Metropolitan),285950
2021,3,Mar,Monday,Normal Weekday,Train (Metropolitan),383500
2021,3,Mar,Monday,Normal Weekday,Bus (Regional),29950
2021,3,Mar,Monday,Normal Weekday,Train (Regional),32300
2021,3,Mar,Monday,Normal Weekday,Tram,288500
2021,3,Mar,Saturday,Weekend,Bus (Metropolitan),136400
2021,3,Mar,Saturday,Weekend,Train (Metropolitan),245100
2021,3,Mar,Saturday,Weekend,Bus (Regional),9700
2021,3,Mar,Saturday,Weekend,Train (Regional),22200
2021,3,Mar,Saturday,Weekend,Tram,241500
2021,3,Mar,Sunday,Weekend,Bus (Metropolitan),97950
2021,3,Mar,Sunday,Weekend,Train (Metropolitan),186350
2021,3,Mar,Sunday,Weekend,Bus (Regional),6450
2021,3,Mar,Sunday,Weekend,Train (Regional),16800
2021,3,Mar,Sunday,Weekend,Tram,178350
2021,3,Mar,Thursday,Normal Weekday,Bus (Metropolitan),308800
2021,3,Mar,Thursday,Normal Weekday,Train (Metropolitan),458100
2021,3,Mar,Thursday,Normal Weekday,Bus (Regional),31900
2021,3,Mar,Thursday,Normal Weekday,Train (Regional),36300
2021,3,Mar,Thursday,Normal Weekday,Tram,324600
2021,3,Mar,Tuesday,Normal Weekday,Bus (Metropolitan),298300
2021,3,Mar,Tuesday,Normal Weekday,Train (Metropolitan),415800
2021,3,Mar,Tuesday,Normal Weekday,Bus (Regional),31500
2021,3,Mar,Tuesday,Normal Weekday,Train (Regional),34250
2021,3,Mar,Tuesday,Normal Weekday,Tram,308200
2021,3,Mar,Wednesday,Normal Weekday,Bus (Metropolitan),309000
2021,3,Mar,Wednesday,Normal Weekday,Train (Metropolitan),434650
2021,3,Mar,Wednesday,Normal Weekday,Bus (Regional),31350
2021,3,Mar,Wednesday,Normal Weekday,Train (Regional),35350
2021,3,Mar,Wednesday,Normal Weekday,Tram,325200
2021,4,Apr,Friday,Normal Weekday,Bus (Metropolitan),302400
2021,4,Apr,Friday,Normal Weekday,Train (Metropolitan),491900
2021,4,Apr,Friday,Normal Weekday,Bus (Regional),31150
2021,4,Apr,Friday,Normal Weekday,Train (Regional),38600
2021,4,Apr,Friday,Normal Weekday,Tram,375200
2021,4,Apr,Friday,School Holiday Weekday,Bus (Metropolitan),242950
2021,4,Apr,Friday,School Holiday Weekday,Train (Metropolitan),417700
2021,4,Apr,Friday,School Holiday Weekday,Bus (Regional),18800
2021,4,Apr,Friday,School Holiday Weekday,Train (Regional),38150
2021,4,Apr,Friday,School Holiday Weekday,Tram,362350
2021,4,Apr,Monday,Normal Weekday,Bus (Metropolitan),282900
2021,4,Apr,Monday,Normal Weekday,Train (Metropolitan),406000
2021,4,Apr,Monday,Normal Weekday,Bus (Regional),28550
2021,4,Apr,Monday,Normal Weekday,Train (Regional),36050
2021,4,Apr,Monday,Normal Weekday,Tram,312100
2021,4,Apr,Monday,School Holiday Weekday,Bus (Metropolitan),231700
2021,4,Apr,Monday,School Holiday Weekday,Train (Metropolitan),366650
2021,4,Apr,Monday,School Holiday Weekday,Bus (Regional),17000
2021,4,Apr,Monday,School Holiday Weekday,Train (Regional),34400
2021,4,Apr,Monday,School Holiday Weekday,Tram,316000
2021,4,Apr,Saturday,Weekend,Bus (Metropolitan),137900
2021,4,Apr,Saturday,Weekend,Train (Metropolitan),293050
2021,4,Apr,Saturday,Weekend,Bus (Regional),9900
2021,4,Apr,Saturday,Weekend,Train (Regional),25800
2021,4,Apr,Saturday,Weekend,Tram,269700
2021,4,Apr,Sunday,Weekend,Bus (Metropolitan),88850
2021,4,Apr,Sunday,Weekend,Train (Metropolitan),192450
2021,4,Apr,Sunday,Weekend,Bus (Regional),5850
2021,4,Apr,Sunday,Weekend,Train (Regional),18150
2021,4,Apr,Sunday,Weekend,Tram,185250
2021,4,Apr,Thursday,Normal Weekday,Bus (Metropolitan),313150
2021,4,Apr,Thursday,Normal Weekday,Train (Metropolitan),475900
2021,4,Apr,Thursday,Normal Weekday,Bus (Regional),31450
2021,4,Apr,Thursday,Normal Weekday,Train (Regional),39450
2021,4,Apr,Thursday,Normal Weekday,Tram,367050
2021,4,Apr,Thursday,School Holiday Weekday,Bus (Metropolitan),258300
2021,4,Apr,Thursday,School Holiday Weekday,Train (Metropolitan),432950
2021,4,Apr,Thursday,School Holiday Weekday,Bus (Regional),19750
2021,4,Apr,Thursday,School Holiday Weekday,Train (Regional),39950
2021,4,Apr,Thursday,School Holiday Weekday,Tram,365900
2021,4,Apr,Tuesday,Normal Weekday,Bus (Metropolitan),297800
2021,4,Apr,Tuesday,Normal Weekday,Train (Metropolitan),454950
2021,4,Apr,Tuesday,Normal Weekday,Bus (Regional),31700
2021,4,Apr,Tuesday,Normal Weekday,Train (Regional),35900
2021,4,Apr,Tuesday,Normal Weekday,Tram,341250
2021,4,Apr,Tuesday,School Holiday Weekday,Bus (Metropolitan),242050
2021,4,Apr,Tuesday,School Holiday Weekday,Train (Metropolitan),392200
2021,4,Apr,Tuesday,School Holiday Weekday,Bus (Regional),18350
2021,4,Apr,Tuesday,School Holiday Weekday,Train (Regional),37050
2021,4,Apr,Tuesday,School Holiday Weekday,Tram,327700
2021,4,Apr,Wednesday,Normal Weekday,Bus (Metropolitan),317000
2021,4,Apr,Wednesday,Normal Weekday,Train (Metropolitan),479750
2021,4,Apr,Wednesday,Normal Weekday,Bus (Regional),32000
2021,4,Apr,Wednesday,Normal Weekday,Train (Regional),37600
2021,4,Apr,Wednesday,Normal Weekday,Tram,374100
2021,4,Apr,Wednesday,School Holiday Weekday,Bus (Metropolitan),254700
2021,4,Apr,Wednesday,School Holiday Weekday,Train (Metropolitan),407500
2021,4,Apr,Wednesday,School Holiday Weekday,Bus (Regional),18700
2021,4,Apr,Wednesday,School Holiday Weekday,Train (Regional),37250
2021,4,Apr,Wednesday,School Holiday Weekday,Tram,354700
2021,5,May,Friday,Normal Weekday,Bus (Metropolitan),252600
2021,5,May,Friday,Normal Weekday,Train (Metropolitan),392450
2021,5,May,Friday,Normal Weekday,Bus (Regional),25000
2021,5,May,Friday,Normal Weekday,Train (Regional),28850
2021,5,May,Friday,Normal Weekday,Tram,296100
2021,5,May,Monday,Normal Weekday,Bus (Metropolitan),248750
2021,5,May,Monday,Normal Weekday,Train (Metropolitan),349450
2021,5,May,Monday,Normal Weekday,Bus (Regional),25050
2021,5,May,Monday,Normal Weekday,Train (Regional),29700
2021,5,May,Monday,Normal Weekday,Tram,268650
2021,5,May,Saturday,Weekend,Bus (Metropolitan),130800
2021,5,May,Saturday,Weekend,Train (Metropolitan),241750
2021,5,May,Saturday,Weekend,Bus (Regional),9050
2021,5,May,Saturday,Weekend,Train (Regional),20200
2021,5,May,Saturday,Weekend,Tram,248000
2021,5,May,Sunday,Weekend,Bus (Metropolitan),86300
2021,5,May,Sunday,Weekend,Train (Metropolitan),177550
2021,5,May,Sunday,Weekend,Bus (Regional),5350
2021,5,May,Sunday,Weekend,Train (Regional),15050
2021,5,May,Sunday,Weekend,Tram,176700
2021,5,May,Thursday,Normal Weekday,Bus (Metropolitan),296700
2021,5,May,Thursday,Normal Weekday,Train (Metropolitan),439450
2021,5,May,Thursday,Normal Weekday,Bus (Regional),30650
2021,5,May,Thursday,Normal Weekday,Train (Regional),35450
2021,5,May,Thursday,Normal Weekday,Tram,335900
2021,5,May,Tuesday,Normal Weekday,Bus (Metropolitan),298000
2021,5,May,Tuesday,Normal Weekday,Train (Metropolitan),460450
2021,5,May,Tuesday,Normal Weekday,Bus (Regional),28700
2021,5,May,Tuesday,Normal Weekday,Train (Regional),37200
2021,5,May,Tuesday,Normal Weekday,Tram,345800
2021,5,May,Wednesday,Normal Weekday,Bus (Metropolitan),311050
2021,5,May,Wednesday,Normal Weekday,Train (Metropolitan),455150
2021,5,May,Wednesday,Normal Weekday,Bus (Regional),30500
2021,5,May,Wednesday,Normal Weekday,Train (Regional),36350
2021,5,May,Wednesday,Normal Weekday,Tram,345850
2021,6,Jun,Friday,Normal Weekday,Bus (Metropolitan),184100
2021,6,Jun,Friday,Normal Weekday,Train (Metropolitan),249300
2021,6,Jun,Friday,Normal Weekday,Bus (Regional),26500
2021,6,Jun,Friday,Normal Weekday,Train (Regional),22650
2021,6,Jun,Friday,Normal Weekday,Tram,176300
2021,6,Jun,Monday,Normal Weekday,Bus (Metropolitan),170650
2021,6,Jun,Monday,Normal Weekday,Train (Metropolitan),206300
2021,6,Jun,Monday,Normal Weekday,Bus (Regional),28300
2021,6,Jun,Monday,Normal Weekday,Train (Regional),20600
2021,6,Jun,Monday,Normal Weekday,Tram,140450
2021,6,Jun,Monday,School Holiday Weekday,Bus (Metropolitan),210700
2021,6,Jun,Monday,School Holiday Weekday,Train (Metropolitan),310100
2021,6,Jun,Monday,School Holiday Weekday,Bus (Regional),18100
2021,6,Jun,Monday,School Holiday Weekday,Train (Regional),26350
2021,6,Jun,Monday,School Holiday Weekday,Tram,211550
2021,6,Jun,Saturday,Weekend,Bus (Metropolitan),100850
2021,6,Jun,Saturday,Weekend,Train (Metropolitan),150750
2021,6,Jun,Saturday,Weekend,Bus (Regional),9300
2021,6,Jun,Saturday,Weekend,Train (Regional),11500
2021,6,Jun,Saturday,Weekend,Tram,160200
2021,6,Jun,Sunday,Weekend,Bus (Metropolitan),69700
2021,6,Jun,Sunday,Weekend,Train (Metropolitan),115950
2021,6,Jun,Sunday,Weekend,Bus (Regional),5750
2021,6,Jun,Sunday,Weekend,Train (Regional),8550
2021,6,Jun,Sunday,Weekend,Tram,115300
2021,6,Jun,Thursday,Normal Weekday,Bus (Metropolitan),168550
2021,6,Jun,Thursday,Normal Weekday,Train (Metropolitan),208300
2021,6,Jun,Thursday,Normal Weekday,Bus (Regional),23300
2021,6,Jun,Thursday,Normal Weekday,Train (Regional),19150
2021,6,Jun,Thursday,Normal Weekday,Tram,145050
2021,6,Jun,Tuesday,Normal Weekday,Bus (Metropolitan),163150
2021,6,Jun,Tuesday,Normal Weekday,Train (Metropolitan),198950
2021,6,Jun,Tuesday,Normal Weekday,Bus (Regional),23550
2021,6,Jun,Tuesday,Normal Weekday,Train (Regional),19100
2021,6,Jun,Tuesday,Normal Weekday,Tram,138950
2021,6,Jun,Tuesday,School Holiday Weekday,Bus (Metropolitan),222000
2021,6,Jun,Tuesday,School Holiday Weekday,Train (Metropolitan),345600
2021,6,Jun,Tuesday,School Holiday Weekday,Bus (Regional),19550
2021,6,Jun,Tuesday,School Holiday Weekday,Train (Regional),28300
2021,6,Jun,Tuesday,School Holiday Weekday,Tram,230300
2021,6,Jun,Wednesday,Normal Weekday,Bus (Metropolitan),159050
2021,6,Jun,Wednesday,Normal Weekday,Train (Metropolitan),200550
2021,6,Jun,Wednesday,Normal Weekday,Bus (Regional),22950
2021,6,Jun,Wednesday,Normal Weekday,Train (Regional),19300
2021,6,Jun,Wednesday,Normal Weekday,Tram,137550
2021,6,Jun,Wednesday,School Holiday Weekday,Bus (Metropolitan),228600
2021,6,Jun,Wednesday,School Holiday Weekday,Train (Metropolitan),358550
2021,6,Jun,Wednesday,School Holiday Weekday,Bus (Regional),19050
2021,6,Jun,Wednesday,School Holiday Weekday,Train (Regional),30450
2021,6,Jun,Wednesday,School Holiday Weekday,Tram,241050
2021,7,Jul,Friday,Normal Weekday,Bus (Metropolitan),140500
2021,7,Jul,Friday,Normal Weekday,Train (Metropolitan),175750
2021,7,Jul,Friday,Normal Weekday,Bus (Regional),17350
2021,7,Jul,Friday,Normal Weekday,Train (Regional),14300
2021,7,Jul,Friday,Normal Weekday,Tram,121250
2021,7,Jul,Friday,School Holiday Weekday,Bus (Metropolitan),218600
2021,7,Jul,Friday,School Holiday Weekday,Train (Metropolitan),379850
2021,7,Jul,Friday,School Holiday Weekday,Bus (Regional),20100
2021,7,Jul,Friday,School Holiday Weekday,Train (Regional),32500
2021,7,Jul,Friday,School Holiday Weekday,Tram,254150
2021,7,Jul,Monday,Normal Weekday,Bus (Metropolitan),145600
2021,7,Jul,Monday,Normal Weekday,Train (Metropolitan),191450
2021,7,Jul,Monday,Normal Weekday,Bus (Regional),16100
2021,7,Jul,Monday,Normal Weekday,Train (Regional),16150
2021,7,Jul,Monday,Normal Weekday,Tram,129450
2021,7,Jul,Monday,School Holiday Weekday,Bus (Metropolitan),202750
2021,7,Jul,Monday,School Holiday Weekday,Train (Metropolitan),313850
2021,7,Jul,Monday,School Holiday Weekday,Bus (Regional),17750
2021,7,Jul,Monday,School Holiday Weekday,Train (Regional),29350
2021,7,Jul,Monday,School Holiday Weekday,Tram,213900
2021,7,Jul,Saturday,Weekend,Bus (Metropolitan),93000
2021,7,Jul,Saturday,Weekend,Train (Metropolitan),166800
2021,7,Jul,Saturday,Weekend,Bus (Regional),7950
2021,7,Jul,Saturday,Weekend,Train (Regional),10500
2021,7,Jul,Saturday,Weekend,Tram,147950
2021,7,Jul,Sunday,Weekend,Bus (Metropolitan),56750
2021,7,Jul,Sunday,Weekend,Train (Metropolitan),117400
2021,7,Jul,Sunday,Weekend,Bus (Regional),4500
2021,7,Jul,Sunday,Weekend,Train (Regional),7300
2021,7,Jul,Sunday,Weekend,Tram,97650
2021,7,Jul,Thursday,Normal Weekday,Bus (Metropolitan),199800
2021,7,Jul,Thursday,Normal Weekday,Train (Metropolitan),263450
2021,7,Jul,Thursday,Normal Weekday,Bus (Regional),25500
2021,7,Jul,Thursday,Normal Weekday,Train (Regional),20950
2021,7,Jul,Thursday,Normal Weekday,Tram,179400
2021,7,Jul,Thursday,School Holiday Weekday,Bus (Metropolitan),228600
2021,7,Jul,Thursday,School Holiday Weekday,Train (Metropolitan),367700
2021,7,Jul,Thursday,School Holiday Weekday,Bus (Regional),21000
2021,7,Jul,Thursday,School Holiday Weekday,Train (Regional),32050
2021,7,Jul,Thursday,School Holiday Weekday,Tram,249950
2021,7,Jul,Tuesday,Normal Weekday,Bus (Metropolitan),152750
2021,7,Jul,Tuesday,Normal Weekday,Train (Metropolitan),217800
2021,7,Jul,Tuesday,Normal Weekday,Bus (Regional),17400
2021,7,Jul,Tuesday,Normal Weekday,Train (Regional),17550
2021,7,Jul,Tuesday,Normal Weekday,Tram,142950
2021,7,Jul,Tuesday,School Holiday Weekday,Bus (Metropolitan),219300
2021,7,Jul,Tuesday,School Holiday Weekday,Train (Metropolitan),353050
2021,7,Jul,Tuesday,School Holiday Weekday,Bus (Regional),18600
2021,7,Jul,Tuesday,School Holiday Weekday,Train (Regional),31150
2021,7,Jul,Tuesday,School Holiday Weekday,Tram,238350
2021,7,Jul,Wednesday,Normal Weekday,Bus (Metropolitan),191350
2021,7,Jul,Wednesday,Normal Weekday,Train (Metropolitan),260050
2021,7,Jul,Wednesday,Normal Weekday,Bus (Regional),23350
2021,7,Jul,Wednesday,Normal Weekday,Train (Regional),17750
2021,7,Jul,Wednesday,Normal Weekday,Tram,177400
2021,7,Jul,Wednesday,School Holiday Weekday,Bus (Metropolitan),224000
2021,7,Jul,Wednesday,School Holiday Weekday,Train (Metropolitan),363500
2021,7,Jul,Wednesday,School Holiday Weekday,Bus (Regional),20650
2021,7,Jul,Wednesday,School Holiday Weekday,Train (Regional),33050
2021,7,Jul,Wednesday,School Holiday Weekday,Tram,251850
2021,8,Aug,Friday,Normal Weekday,Bus (Metropolitan),95550
2021,8,Aug,Friday,Normal Weekday,Train (Metropolitan),111050
2021,8,Aug,Friday,Normal Weekday,Bus (Regional),21600
2021,8,Aug,Friday,Normal Weekday,Train (Regional),11600
2021,8,Aug,Friday,Normal Weekday,Tram,72800
2021,8,Aug,Monday,Normal Weekday,Bus (Metropolitan),122150
2021,8,Aug,Monday,Normal Weekday,Train (Metropolitan),144700
2021,8,Aug,Monday,Normal Weekday,Bus (Regional),18550
2021,8,Aug,Monday,Normal Weekday,Train (Regional),13650
2021,8,Aug,Monday,Normal Weekday,Tram,97350
2021,8,Aug,Saturday,Weekend,Bus (Metropolitan),49600
2021,8,Aug,Saturday,Weekend,Train (Metropolitan),55100
2021,8,Aug,Saturday,Weekend,Bus (Regional),7950
2021,8,Aug,Saturday,Weekend,Train (Regional),4950
2021,8,Aug,Saturday,Weekend,Tram,51050
2021,8,Aug,Sunday,Weekend,Bus (Metropolitan),40800
2021,8,Aug,Sunday,Weekend,Train (Metropolitan),61550
2021,8,Aug,Sunday,Weekend,Bus (Regional),4650
2021,8,Aug,Sunday,Weekend,Train (Regional),5350
2021,8,Aug,Sunday,Weekend,Tram,60700
2021,8,Aug,Thursday,Normal Weekday,Bus (Metropolitan),138400
2021,8,Aug,Thursday,Normal Weekday,Train (Metropolitan),165800
2021,8,Aug,Thursday,Normal Weekday,Bus (Regional),27650
2021,8,Aug,Thursday,Normal Weekday,Train (Regional),15750
2021,8,Aug,Thursday,Normal Weekday,Tram,110100
2021,8,Aug,Tuesday,Normal Weekday,Bus (Metropolitan),123650
2021,8,Aug,Tuesday,Normal Weekday,Train (Metropolitan),150050
2021,8,Aug,Tuesday,Normal Weekday,Bus (Regional),23350
2021,8,Aug,Tuesday,Normal Weekday,Train (Regional),14200
2021,8,Aug,Tuesday,Normal Weekday,Tram,102200
2021,8,Aug,Wednesday,Normal Weekday,Bus (Metropolitan),133750
2021,8,Aug,Wednesday,Normal Weekday,Train (Metropolitan),164200
2021,8,Aug,Wednesday,Normal Weekday,Bus (Regional),26550
2021,8,Aug,Wednesday,Normal Weekday,Train (Regional),15850
2021,8,Aug,Wednesday,Normal Weekday,Tram,112300
2021,9,Sep,Friday,Normal Weekday,Bus (Metropolitan),92500
2021,9,Sep,Friday,Normal Weekday,Train (Metropolitan),103400
2021,9,Sep,Friday,Normal Weekday,Bus (Regional),16600
2021,9,Sep,Friday,Normal Weekday,Train (Regional),7500
2021,9,Sep,Friday,Normal Weekday,Tram,72400
2021,9,Sep,Monday,Normal Weekday,Bus (Metropolitan),92900
2021,9,Sep,Monday,Normal Weekday,Train (Metropolitan),101150
2021,9,Sep,Monday,Normal Weekday,Bus (Regional),15400
2021,9,Sep,Monday,Normal Weekday,Train (Regional),5600
2021,9,Sep,Monday,Normal Weekday,Tram,68950
2021,9,Sep,Monday,School Holiday Weekday,Bus (Metropolitan),95750
2021,9,Sep,Monday,School Holiday Weekday,Train (Metropolitan),101350
2021,9,Sep,Monday,School Holiday Weekday,Bus (Regional),14400
2021,9,Sep,Monday,School Holiday Weekday,Train (Regional),6300
2021,9,Sep,Monday,School Holiday Weekday,Tram,72050
2021,9,Sep,Saturday,Weekend,Bus (Metropolitan),51700
2021,9,Sep,Saturday,Weekend,Train (Metropolitan),52400
2021,9,Sep,Saturday,Weekend,Bus (Regional),8250
2021,9,Sep,Saturday,Weekend,Train (Regional),2650
2021,9,Sep,Saturday,Weekend,Tram,43800
2021,9,Sep,Sunday,Weekend,Bus (Metropolitan),36800
2021,9,Sep,Sunday,Weekend,Train (Metropolitan),45600
2021,9,Sep,Sunday,Weekend,Bus (Regional),4850
2021,9,Sep,Sunday,Weekend,Train (Regional),1900
2021,9,Sep,Sunday,Weekend,Tram,41000
2021,9,Sep,Thursday,Normal Weekday,Bus (Metropolitan),98050
2021,9,Sep,Thursday,Normal Weekday,Train (Metropolitan),107650
2021,9,Sep,Thursday,Normal Weekday,Bus (Regional),14850
2021,9,Sep,Thursday,Normal Weekday,Train (Regional),7350
2021,9,Sep,Thursday,Normal Weekday,Tram,74450
2021,9,Sep,Thursday,School Holiday Weekday,Bus (Metropolitan),98050
2021,9,Sep,Thursday,School Holiday Weekday,Train (Metropolitan),105100
2021,9,Sep,Thursday,School Holiday Weekday,Bus (Regional),15400
2021,9,Sep,Thursday,School Holiday Weekday,Train (Regional),6600
2021,9,Sep,Thursday,School Holiday Weekday,Tram,76300
2021,9,Sep,Tuesday,Normal Weekday,Bus (Metropolitan),94150
2021,9,Sep,Tuesday,Normal Weekday,Train (Metropolitan),103850
2021,9,Sep,Tuesday,Normal Weekday,Bus (Regional),15150
2021,9,Sep,Tuesday,Normal Weekday,Train (Regional),5650
2021,9,Sep,Tuesday,Normal Weekday,Tram,70050
2021,9,Sep,Tuesday,School Holiday Weekday,Bus (Metropolitan),95900
2021,9,Sep,Tuesday,School Holiday Weekday,Train (Metropolitan),104750
2021,9,Sep,Tuesday,School Holiday Weekday,Bus (Regional),15250
2021,9,Sep,Tuesday,School Holiday Weekday,Train (Regional),6600
2021,9,Sep,Tuesday,School Holiday Weekday,Tram,74250
2021,9,Sep,Wednesday,Normal Weekday,Bus (Metropolitan),97000
2021,9,Sep,Wednesday,Normal Weekday,Train (Metropolitan),106650
2021,9,Sep,Wednesday,Normal Weekday,Bus (Regional),14600
2021,9,Sep,Wednesday,Normal Weekday,Train (Regional),7350
2021,9,Sep,Wednesday,Normal Weekday,Tram,74450
2021,9,Sep,Wednesday,School Holiday Weekday,Bus (Metropolitan),95450
2021,9,Sep,Wednesday,School Holiday Weekday,Train (Metropolitan),102800
2021,9,Sep,Wednesday,School Holiday Weekday,Bus (Regional),14250
2021,9,Sep,Wednesday,School Holiday Weekday,Train (Regional),6150
2021,9,Sep,Wednesday,School Holiday Weekday,Tram,68300
2021,10,Oct,Friday,Normal Weekday,Bus (Metropolitan),142200
2021,10,Oct,Friday,Normal Weekday,Train (Metropolitan),145150
2021,10,Oct,Friday,Normal Weekday,Bus (Regional),23050
2021,10,Oct,Friday,Normal Weekday,Train (Regional),11750
2021,10,Oct,Friday,Normal Weekday,Tram,129200
2021,10,Oct,Friday,School Holiday Weekday,Bus (Metropolitan),100550
2021,10,Oct,Friday,School Holiday Weekday,Train (Metropolitan),105000
2021,10,Oct,Friday,School Holiday Weekday,Bus (Regional),15250
2021,10,Oct,Friday,School Holiday Weekday,Train (Regional),9050
2021,10,Oct,Friday,School Holiday Weekday,Tram,77100
2021,10,Oct,Monday,Normal Weekday,Bus (Metropolitan),117850
2021,10,Oct,Monday,Normal Weekday,Train (Metropolitan),124250
2021,10,Oct,Monday,Normal Weekday,Bus (Regional),21050
2021,10,Oct,Monday,Normal Weekday,Train (Regional),11050
2021,10,Oct,Monday,Normal Weekday,Tram,92800
2021,10,Oct,Saturday,Weekend,Bus (Metropolitan),76400
2021,10,Oct,Saturday,Weekend,Train (Metropolitan),102850
2021,10,Oct,Saturday,Weekend,Bus (Regional),9700
2021,10,Oct,Saturday,Weekend,Train (Regional),6750
2021,10,Oct,Saturday,Weekend,Tram,95550
2021,10,Oct,Sunday,Weekend,Bus (Metropolitan),65600
2021,10,Oct,Sunday,Weekend,Train (Metropolitan),85500
2021,10,Oct,Sunday,Weekend,Bus (Regional),5750
2021,10,Oct,Sunday,Weekend,Train (Regional),5700
2021,10,Oct,Sunday,Weekend,Tram,73500
2021,10,Oct,Thursday,Normal Weekday,Bus (Metropolitan),131100
2021,10,Oct,Thursday,Normal Weekday,Train (Metropolitan),139150
2021,10,Oct,Thursday,Normal Weekday,Bus (Regional),24100
2021,10,Oct,Thursday,Normal Weekday,Train (Regional),12000
2021,10,Oct,Thursday,Normal Weekday,Tram,108050
2021,10,Oct,Tuesday,Normal Weekday,Bus (Metropolitan),129450
2021,10,Oct,Tuesday,Normal Weekday,Train (Metropolitan),138600
2021,10,Oct,Tuesday,Normal Weekday,Bus (Regional),23200
2021,10,Oct,Tuesday,Normal Weekday,Train (Regional),11650
2021,10,Oct,Tuesday,Normal Weekday,Tram,104450
2021,10,Oct,Wednesday,Normal Weekday,Bus (Metropolitan),135700
2021,10,Oct,Wednesday,Normal Weekday,Train (Metropolitan),142550
2021,10,Oct,Wednesday,Normal Weekday,Bus (Regional),22850
2021,10,Oct,Wednesday,Normal Weekday,Train (Regional),12350
2021,10,Oct,Wednesday,Normal Weekday,Tram,110600
2021,11,Nov,Friday,Normal Weekday,Bus (Metropolitan),259250
2021,11,Nov,Friday,Normal Weekday,Train (Metropolitan),327900
2021,11,Nov,Friday,Normal Weekday,Bus (Regional),27600
2021,11,Nov,Friday,Normal Weekday,Train (Regional),25050
2021,11,Nov,Friday,Normal Weekday,Tram,286100
2021,11,Nov,Monday,Normal Weekday,Bus (Metropolitan),241750
2021,11,Nov,Monday,Normal Weekday,Train (Metropolitan),267600
2021,11,Nov,Monday,Normal Weekday,Bus (Regional),26650
2021,11,Nov,Monday,Normal Weekday,Train (Regional),21600
2021,11,Nov,Monday,Normal Weekday,Tram,232600
2021,11,Nov,Saturday,Weekend,Bus (Metropolitan),136750
2021,11,Nov,Saturday,Weekend,Train (Metropolitan),231700
2021,11,Nov,Saturday,Weekend,Bus (Regional),12050
2021,11,Nov,Saturday,Weekend,Train (Regional),16400
2021,11,Nov,Saturday,Weekend,Tram,203600
2021,11,Nov,Sunday,Weekend,Bus (Metropolitan),113600
2021,11,Nov,Sunday,Weekend,Train (Metropolitan),154650
2021,11,Nov,Sunday,Weekend,Bus (Regional),7100
2021,11,Nov,Sunday,Weekend,Train (Regional),11900
2021,11,Nov,Sunday,Weekend,Tram,154700
2021,11,Nov,Thursday,Normal Weekday,Bus (Metropolitan),265550
2021,11,Nov,Thursday,Normal Weekday,Train (Metropolitan),305550
2021,11,Nov,Thursday,Normal Weekday,Bus (Regional),29100
2021,11,Nov,Thursday,Normal Weekday,Train (Regional),23700
2021,11,Nov,Thursday,Normal Weekday,Tram,268800
2021,11,Nov,Tuesday,Normal Weekday,Bus (Metropolitan),265350
2021,11,Nov,Tuesday,Normal Weekday,Train (Metropolitan),310350
2021,11,Nov,Tuesday,Normal Weekday,Bus (Regional),28850
2021,11,Nov,Tuesday,Normal Weekday,Train (Regional),24550
2021,11,Nov,Tuesday,Normal Weekday,Tram,273650
2021,11,Nov,Wednesday,Normal Weekday,Bus (Metropolitan),247850
2021,11,Nov,Wednesday,Normal Weekday,Train (Metropolitan),286850
2021,11,Nov,Wednesday,Normal Weekday,Bus (Regional),27450
2021,11,Nov,Wednesday,Normal Weekday,Train (Regional),23050
2021,11,Nov,Wednesday,Normal Weekday,Tram,252450
2021,12,Dec,Friday,Normal Weekday,Bus (Metropolitan),267250
2021,12,Dec,Friday,Normal Weekday,Train (Metropolitan),392050
2021,12,Dec,Friday,Normal Weekday,Bus (Regional),26300
2021,12,Dec,Friday,Normal Weekday,Train (Regional),33850
2021,12,Dec,Friday,Normal Weekday,Tram,393450
2021,12,Dec,Friday,School Holiday Weekday,Bus (Metropolitan),132650
2021,12,Dec,Friday,School Holiday Weekday,Train (Metropolitan),199650
2021,12,Dec,Friday,School Holiday Weekday,Bus (Regional),15300
2021,12,Dec,Friday,School Holiday Weekday,Train (Regional),23350
2021,12,Dec,Friday,School Holiday Weekday,Tram,168650
2021,12,Dec,Monday,Normal Weekday,Bus (Metropolitan),243150
2021,12,Dec,Monday,Normal Weekday,Train (Metropolitan),308450
2021,12,Dec,Monday,Normal Weekday,Bus (Regional),24650
2021,12,Dec,Monday,Normal Weekday,Train (Regional),28150
2021,12,Dec,Monday,Normal Weekday,Tram,300950
2021,12,Dec,Monday,School Holiday Weekday,Bus (Metropolitan),223100
2021,12,Dec,Monday,School Holiday Weekday,Train (Metropolitan),296650
2021,12,Dec,Monday,School Holiday Weekday,Bus (Regional),21600
2021,12,Dec,Monday,School Holiday Weekday,Train (Regional),25950
2021,12,Dec,Monday,School Holiday Weekday,Tram,303000
2021,12,Dec,Saturday,Weekend,Bus (Metropolitan),150150
2021,12,Dec,Saturday,Weekend,Train (Metropolitan),240700
2021,12,Dec,Saturday,Weekend,Bus (Regional),13250
2021,12,Dec,Saturday,Weekend,Train (Regional),21350
2021,12,Dec,Saturday,Weekend,Tram,264300
2021,12,Dec,Sunday,Weekend,Bus (Metropolitan),112000
2021,12,Dec,Sunday,Weekend,Train (Metropolitan),181000
2021,12,Dec,Sunday,Weekend,Bus (Regional),7650
2021,12,Dec,Sunday,Weekend,Train (Regional),15400
2021,12,Dec,Sunday,Weekend,Tram,197750
2021,12,Dec,Thursday,Normal Weekday,Bus (Metropolitan),266300
2021,12,Dec,Thursday,Normal Weekday,Train (Metropolitan),372450
2021,12,Dec,Thursday,Normal Weekday,Bus (Regional),26700
2021,12,Dec,Thursday,Normal Weekday,Train (Regional),30850
2021,12,Dec,Thursday,Normal Weekday,Tram,346000
2021,12,Dec,Thursday,School Holiday Weekday,Bus (Metropolitan),178950
2021,12,Dec,Thursday,School Holiday Weekday,Train (Metropolitan),231200
2021,12,Dec,Thursday,School Holiday Weekday,Bus (Regional),19100
2021,12,Dec,Thursday,School Holiday Weekday,Train (Regional),25500
2021,12,Dec,Thursday,School Holiday Weekday,Tram,242500
2021,12,Dec,Tuesday,Normal Weekday,Bus (Metropolitan),252150
2021,12,Dec,Tuesday,Normal Weekday,Train (Metropolitan),360650
2021,12,Dec,Tuesday,Normal Weekday,Bus (Regional),24800
2021,12,Dec,Tuesday,Normal Weekday,Train (Regional),31100
2021,12,Dec,Tuesday,Normal Weekday,Tram,322950
2021,12,Dec,Tuesday,School Holiday Weekday,Bus (Metropolitan),224300
2021,12,Dec,Tuesday,School Holiday Weekday,Train (Metropolitan),308950
2021,12,Dec,Tuesday,School Holiday Weekday,Bus (Regional),22250
2021,12,Dec,Tuesday,School Holiday Weekday,Train (Regional),28850
2021,12,Dec,Tuesday,School Holiday Weekday,Tram,319550
2021,12,Dec,Wednesday,Normal Weekday,Bus (Metropolitan),259550
2021,12,Dec,Wednesday,Normal Weekday,Train (Metropolitan),370450
2021,12,Dec,Wednesday,Normal Weekday,Bus (Regional),26250
2021,12,Dec,Wednesday,Normal Weekday,Train (Regional),30150
2021,12,Dec,Wednesday,Normal Weekday,Tram,337650
2021,12,Dec,Wednesday,School Holiday Weekday,Bus (Metropolitan),189950
2021,12,Dec,Wednesday,School Holiday Weekday,Train (Metropolitan),258250
2021,12,Dec,Wednesday,School Holiday Weekday,Bus (Regional),20100
2021,12,Dec,Wednesday,School Holiday Weekday,Train (Regional),26200
2021,12,Dec,Wednesday,School Holiday Weekday,Tram,265850
2022,1,Jan,Friday,School Holiday Weekday,Bus (Metropolitan),154650
2022,1,Jan,Friday,School Holiday Weekday,Train (Metropolitan),200850
2022,1,Jan,Friday,School Holiday Weekday,Bus (Regional),19250
2022,1,Jan,Friday,School Holiday Weekday,Train (Regional),21150
2022,1,Jan,Friday,School Holiday Weekday,Tram,199400
2022,1,Jan,Monday,Normal Weekday,Bus (Metropolitan),200950
2022,1,Jan,Monday,Normal Weekday,Train (Metropolitan),230200
2022,1,Jan,Monday,Normal Weekday,Bus (Regional),22600
2022,1,Jan,Monday,Normal Weekday,Train (Regional),22950
2022,1,Jan,Monday,Normal Weekday,Tram,224100
2022,1,Jan,Monday,School Holiday Weekday,Bus (Metropolitan),158250
2022,1,Jan,Monday,School Holiday Weekday,Train (Metropolitan),195450
2022,1,Jan,Monday,School Holiday Weekday,Bus (Regional),18700
2022,1,Jan,Monday,School Holiday Weekday,Train (Regional),19150
2022,1,Jan,Monday,School Holiday Weekday,Tram,184000
2022,1,Jan,Saturday,Weekend,Bus (Metropolitan),109400
2022,1,Jan,Saturday,Weekend,Train (Metropolitan),168000
2022,1,Jan,Saturday,Weekend,Bus (Regional),11450
2022,1,Jan,Saturday,Weekend,Train (Regional),15250
2022,1,Jan,Saturday,Weekend,Tram,163650
2022,1,Jan,Sunday,Weekend,Bus (Metropolitan),81600
2022,1,Jan,Sunday,Weekend,Train (Metropolitan),126100
2022,1,Jan,Sunday,Weekend,Bus (Regional),6850
2022,1,Jan,Sunday,Weekend,Train (Regional),11650
2022,1,Jan,Sunday,Weekend,Tram,125400
2022,1,Jan,Thursday,School Holiday Weekday,Bus (Metropolitan),162450
2022,1,Jan,Thursday,School Holiday Weekday,Train (Metropolitan),204750
2022,1,Jan,Thursday,School Holiday Weekday,Bus (Regional),19800
2022,1,Jan,Thursday,School Holiday Weekday,Train (Regional),20300
2022,1,Jan,Thursday,School Holiday Weekday,Tram,199250
2022,1,Jan,Tuesday,School Holiday Weekday,Bus (Metropolitan),162550
2022,1,Jan,Tuesday,School Holiday Weekday,Train (Metropolitan),200950
2022,1,Jan,Tuesday,School Holiday Weekday,Bus (Regional),19400
2022,1,Jan,Tuesday,School Holiday Weekday,Train (Regional),20800
2022,1,Jan,Tuesday,School Holiday Weekday,Tram,199300
2022,1,Jan,Wednesday,School Holiday Weekday,Bus (Metropolitan),156500
2022,1,Jan,Wednesday,School Holiday Weekday,Train (Metropolitan),189450
2022,1,Jan,Wednesday,School Holiday Weekday,Bus (Regional),18450
2022,1,Jan,Wednesday,School Holiday Weekday,Train (Regional),20350
2022,1,Jan,Wednesday,School Holiday Weekday,Tram,193700
2022,2,Feb,Friday,Normal Weekday,Bus (Metropolitan),264450
2022,2,Feb,Friday,Normal Weekday,Train (Metropolitan),341000
2022,2,Feb,Friday,Normal Weekday,Bus (Regional),36250
2022,2,Feb,Friday,Normal Weekday,Train (Regional),28100
2022,2,Feb,Friday,Normal Weekday,Tram,331800
2022,2,Feb,Monday,Normal Weekday,Bus (Metropolitan),262600
2022,2,Feb,Monday,Normal Weekday,Train (Metropolitan),315800
2022,2,Feb,Monday,Normal Weekday,Bus (Regional),35800
2022,2,Feb,Monday,Normal Weekday,Train (Regional),27150
2022,2,Feb,Monday,Normal Weekday,Tram,301600
2022,2,Feb,Saturday,Weekend,Bus (Metropolitan),141900
2022,2,Feb,Saturday,Weekend,Train (Metropolitan),235400
2022,2,Feb,Saturday,Weekend,Bus (Regional),13050
2022,2,Feb,Saturday,Weekend,Train (Regional),19400
2022,2,Feb,Saturday,Weekend,Tram,262550
2022,2,Feb,Sunday,Weekend,Bus (Metropolitan),105000
2022,2,Feb,Sunday,Weekend,Train (Metropolitan),159850
2022,2,Feb,Sunday,Weekend,Bus (Regional),7500
2022,2,Feb,Sunday,Weekend,Train (Regional),14200
2022,2,Feb,Sunday,Weekend,Tram,185850
2022,2,Feb,Thursday,Normal Weekday,Bus (Metropolitan),264350
2022,2,Feb,Thursday,Normal Weekday,Train (Metropolitan),323700
2022,2,Feb,Thursday,Normal Weekday,Bus (Regional),37450
2022,2,Feb,Thursday,Normal Weekday,Train (Regional),26250
2022,2,Feb,Thursday,Normal Weekday,Tram,309700
2022,2,Feb,Tuesday,Normal Weekday,Bus (Metropolitan),253000
2022,2,Feb,Tuesday,Normal Weekday,Train (Metropolitan),303600
2022,2,Feb,Tuesday,Normal Weekday,Bus (Regional),35250
2022,2,Feb,Tuesday,Normal Weekday,Train (Regional),26050
2022,2,Feb,Tuesday,Normal Weekday,Tram,293850
2022,2,Feb,Wednesday,Normal Weekday,Bus (Metropolitan),260050
2022,2,Feb,Wednesday,Normal Weekday,Train (Metropolitan),316400
2022,2,Feb,Wednesday,Normal Weekday,Bus (Regional),36350
2022,2,Feb,Wednesday,Normal Weekday,Train (Regional),27500
2022,2,Feb,Wednesday,Normal Weekday,Tram,305150
2022,3,Mar,Friday,Normal Weekday,Bus (Metropolitan),323400
2022,3,Mar,Friday,Normal Weekday,Train (Metropolitan),450750
2022,3,Mar,Friday,Normal Weekday,Bus (Regional),36000
2022,3,Mar,Friday,Normal Weekday,Train (Regional),39750
2022,3,Mar,Friday,Normal Weekday,Tram,414100
2022,3,Mar,Monday,Normal Weekday,Bus (Metropolitan),319350
2022,3,Mar,Monday,Normal Weekday,Train (Metropolitan),397550
2022,3,Mar,Monday,Normal Weekday,Bus (Regional),35600
2022,3,Mar,Monday,Normal Weekday,Train (Regional),34800
2022,3,Mar,Monday,Normal Weekday,Tram,362900
2022,3,Mar,Saturday,Weekend,Bus (Metropolitan),147700
2022,3,Mar,Saturday,Weekend,Train (Metropolitan),315000
2022,3,Mar,Saturday,Weekend,Bus (Regional),13950
2022,3,Mar,Saturday,Weekend,Train (Regional),26500
2022,3,Mar,Saturday,Weekend,Tram,333500
2022,3,Mar,Sunday,Weekend,Bus (Metropolitan),124850
2022,3,Mar,Sunday,Weekend,Train (Metropolitan),226200
2022,3,Mar,Sunday,Weekend,Bus (Regional),8700
2022,3,Mar,Sunday,Weekend,Train (Regional),18750
2022,3,Mar,Sunday,Weekend,Tram,244000
2022,3,Mar,Thursday,Normal Weekday,Bus (Metropolitan),336850
2022,3,Mar,Thursday,Normal Weekday,Train (Metropolitan),486100
2022,3,Mar,Thursday,Normal Weekday,Bus (Regional),36550
2022,3,Mar,Thursday,Normal Weekday,Train (Regional),40500
2022,3,Mar,Thursday,Normal Weekday,Tram,432450
2022,3,Mar,Tuesday,Normal Weekday,Bus (Metropolitan),328450
2022,3,Mar,Tuesday,Normal Weekday,Train (Metropolitan),441600
2022,3,Mar,Tuesday,Normal Weekday,Bus (Regional),35600
2022,3,Mar,Tuesday,Normal Weekday,Train (Regional),37700
2022,3,Mar,Tuesday,Normal Weekday,Tram,404350
2022,3,Mar,Wednesday,Normal Weekday,Bus (Metropolitan),335900
2022,3,Mar,Wednesday,Normal Weekday,Train (Metropolitan),474500
2022,3,Mar,Wednesday,Normal Weekday,Bus (Regional),36050
2022,3,Mar,Wednesday,Normal Weekday,Train (Regional),40050
2022,3,Mar,Wednesday,Normal Weekday,Tram,427650
2022,4,Apr,Friday,Normal Weekday,Bus (Metropolitan),319050
2022,4,Apr,Friday,Normal Weekday,Train (Metropolitan),478100
2022,4,Apr,Friday,Normal Weekday,Bus (Regional),37050
2022,4,Apr,Friday,Normal Weekday,Train (Regional),35350
2022,4,Apr,Friday,Normal Weekday,Tram,404700
2022,4,Apr,Friday,School Holiday Weekday,Bus (Metropolitan),254700
2022,4,Apr,Friday,School Holiday Weekday,Train (Metropolitan),394800
2022,4,Apr,Friday,School Holiday Weekday,Bus (Regional),26800
2022,4,Apr,Friday,School Holiday Weekday,Train (Regional),36600
2022,4,Apr,Friday,School Holiday Weekday,Tram,347550
2022,4,Apr,Monday,Normal Weekday,Bus (Metropolitan),307700
2022,4,Apr,Monday,Normal Weekday,Train (Metropolitan),406150
2022,4,Apr,Monday,Normal Weekday,Bus (Regional),35150
2022,4,Apr,Monday,Normal Weekday,Train (Regional),22750
2022,4,Apr,Monday,Normal Weekday,Tram,350250
2022,4,Apr,Monday,School Holiday Weekday,Bus (Metropolitan),262900
2022,4,Apr,Monday,School Holiday Weekday,Train (Metropolitan),389750
2022,4,Apr,Monday,School Holiday Weekday,Bus (Regional),26650
2022,4,Apr,Monday,School Holiday Weekday,Train (Regional),33850
2022,4,Apr,Monday,School Holiday Weekday,Tram,350050
2022,4,Apr,Saturday,Weekend,Bus (Metropolitan),152900
2022,4,Apr,Saturday,Weekend,Train (Metropolitan),342750
2022,4,Apr,Saturday,Weekend,Bus (Regional),14500
2022,4,Apr,Saturday,Weekend,Train (Regional),23700
2022,4,Apr,Saturday,Weekend,Tram,337050
2022,4,Apr,Sunday,Weekend,Bus (Metropolitan),131100
2022,4,Apr,Sunday,Weekend,Train (Metropolitan),297050
2022,4,Apr,Sunday,Weekend,Bus (Regional),8800
2022,4,Apr,Sunday,Weekend,Train (Regional),21350
2022,4,Apr,Sunday,Weekend,Tram,257900
2022,4,Apr,Thursday,Normal Weekday,Bus (Metropolitan),341200
2022,4,Apr,Thursday,Normal Weekday,Train (Metropolitan),489050
2022,4,Apr,Thursday,Normal Weekday,Bus (Regional),39400
2022,4,Apr,Thursday,Normal Weekday,Train (Regional),41250
2022,4,Apr,Thursday,Normal Weekday,Tram,395400
2022,4,Apr,Thursday,School Holiday Weekday,Bus (Metropolitan),275450
2022,4,Apr,Thursday,School Holiday Weekday,Train (Metropolitan),414950
2022,4,Apr,Thursday,School Holiday Weekday,Bus (Regional),27450
2022,4,Apr,Thursday,School Holiday Weekday,Train (Regional),38900
2022,4,Apr,Thursday,School Holiday Weekday,Tram,368700
2022,4,Apr,Tuesday,Normal Weekday,Bus (Metropolitan),327650
2022,4,Apr,Tuesday,Normal Weekday,Train (Metropolitan),455750
2022,4,Apr,Tuesday,Normal Weekday,Bus (Regional),38050
2022,4,Apr,Tuesday,Normal Weekday,Train (Regional),38450
2022,4,Apr,Tuesday,Normal Weekday,Tram,382800
2022,4,Apr,Tuesday,School Holiday Weekday,Bus (Metropolitan),248050
2022,4,Apr,Tuesday,School Holiday Weekday,Train (Metropolitan),397000
2022,4,Apr,Tuesday,School Holiday Weekday,Bus (Regional),24750
2022,4,Apr,Tuesday,School Holiday Weekday,Train (Regional),37250
2022,4,Apr,Tuesday,School Holiday Weekday,Tram,343450
2022,4,Apr,Wednesday,Normal Weekday,Bus (Metropolitan),336150
2022,4,Apr,Wednesday,Normal Weekday,Train (Metropolitan),470850
2022,4,Apr,Wednesday,Normal Weekday,Bus (Regional),39650
2022,4,Apr,Wednesday,Normal Weekday,Train (Regional),40400
2022,4,Apr,Wednesday,Normal Weekday,Tram,400350
2022,4,Apr,Wednesday,School Holiday Weekday,Bus (Metropolitan),270100
2022,4,Apr,Wednesday,School Holiday Weekday,Train (Metropolitan),417900
2022,4,Apr,Wednesday,School Holiday Weekday,Bus (Regional),27600
2022,4,Apr,Wednesday,School Holiday Weekday,Train (Regional),39600
2022,4,Apr,Wednesday,School Holiday Weekday,Tram,374100
2022,5,May,Friday,Normal Weekday,Bus (Metropolitan),275450
2022,5,May,Friday,Normal Weekday,Train (Metropolitan),447700
2022,5,May,Friday,Normal Weekday,Bus (Regional),38100
2022,5,May,Friday,Normal Weekday,Train (Regional),36250
2022,5,May,Friday,Normal Weekday,Tram,361050
2022,5,May,Monday,Normal Weekday,Bus (Metropolitan),286200
2022,5,May,Monday,Normal Weekday,Train (Metropolitan),391150
2022,5,May,Monday,Normal Weekday,Bus (Regional),37000
2022,5,May,Monday,Normal Weekday,Train (Regional),33250
2022,5,May,Monday,Normal Weekday,Tram,309700
2022,5,May,Saturday,Weekend,Bus (Metropolitan),149250
2022,5,May,Saturday,Weekend,Train (Metropolitan),338050
2022,5,May,Saturday,Weekend,Bus (Regional),14050
2022,5,May,Saturday,Weekend,Train (Regional),22700
2022,5,May,Saturday,Weekend,Tram,316500
2022,5,May,Sunday,Weekend,Bus (Metropolitan),116250
2022,5,May,Sunday,Weekend,Train (Metropolitan),220300
2022,5,May,Sunday,Weekend,Bus (Regional),8300
2022,5,May,Sunday,Weekend,Train (Regional),15750
2022,5,May,Sunday,Weekend,Tram,234100
2022,5,May,Thursday,Normal Weekday,Bus (Metropolitan),313650
2022,5,May,Thursday,Normal Weekday,Train (Metropolitan),465650
2022,5,May,Thursday,Normal Weekday,Bus (Regional),38950
2022,5,May,Thursday,Normal Weekday,Train (Regional),36550
2022,5,May,Thursday,Normal Weekday,Tram,368550
2022,5,May,Tuesday,Normal Weekday,Bus (Metropolitan),309700
2022,5,May,Tuesday,Normal Weekday,Train (Metropolitan),459800
2022,5,May,Tuesday,Normal Weekday,Bus (Regional),38700
2022,5,May,Tuesday,Normal Weekday,Train (Regional),36950
2022,5,May,Tuesday,Normal Weekday,Tram,353200
2022,5,May,Wednesday,Normal Weekday,Bus (Metropolitan),316250
2022,5,May,Wednesday,Normal Weekday,Train (Metropolitan),465200
2022,5,May,Wednesday,Normal Weekday,Bus (Regional),39050
2022,5,May,Wednesday,Normal Weekday,Train (Regional),37600
2022,5,May,Wednesday,Normal Weekday,Tram,370350
2022,6,Jun,Friday,Normal Weekday,Bus (Metropolitan),276700
2022,6,Jun,Friday,Normal Weekday,Train (Metropolitan),453750
2022,6,Jun,Friday,Normal Weekday,Bus (Regional),33200
2022,6,Jun,Friday,Normal Weekday,Train (Regional),40500
2022,6,Jun,Friday,Normal Weekday,Tram,360450
2022,6,Jun,Monday,Normal Weekday,Bus (Metropolitan),271550
2022,6,Jun,Monday,Normal Weekday,Train (Metropolitan),371850
2022,6,Jun,Monday,Normal Weekday,Bus (Regional),32350
2022,6,Jun,Monday,Normal Weekday,Train (Regional),33550
2022,6,Jun,Monday,Normal Weekday,Tram,303900
2022,6,Jun,Monday,School Holiday Weekday,Bus (Metropolitan),231700
2022,6,Jun,Monday,School Holiday Weekday,Train (Metropolitan),353500
2022,6,Jun,Monday,School Holiday Weekday,Bus (Regional),24650
2022,6,Jun,Monday,School Holiday Weekday,Train (Regional),32000
2022,6,Jun,Monday,School Holiday Weekday,Tram,316350
2022,6,Jun,Saturday,Weekend,Bus (Metropolitan),154800
2022,6,Jun,Saturday,Weekend,Train (Metropolitan),302600
2022,6,Jun,Saturday,Weekend,Bus (Regional),13800
2022,6,Jun,Saturday,Weekend,Train (Regional),25300
2022,6,Jun,Saturday,Weekend,Tram,318150
2022,6,Jun,Sunday,Weekend,Bus (Metropolitan),112150
2022,6,Jun,Sunday,Weekend,Train (Metropolitan),197750
2022,6,Jun,Sunday,Weekend,Bus (Regional),7750
2022,6,Jun,Sunday,Weekend,Train (Regional),18050
2022,6,Jun,Sunday,Weekend,Tram,218200
2022,6,Jun,Thursday,Normal Weekday,Bus (Metropolitan),293250
2022,6,Jun,Thursday,Normal Weekday,Train (Metropolitan),461300
2022,6,Jun,Thursday,Normal Weekday,Bus (Regional),36250
2022,6,Jun,Thursday,Normal Weekday,Train (Regional),38150
2022,6,Jun,Thursday,Normal Weekday,Tram,354000
2022,6,Jun,Thursday,School Holiday Weekday,Bus (Metropolitan),261650
2022,6,Jun,Thursday,School Holiday Weekday,Train (Metropolitan),447650
2022,6,Jun,Thursday,School Holiday Weekday,Bus (Regional),27800
2022,6,Jun,Thursday,School Holiday Weekday,Train (Regional),40250
2022,6,Jun,Thursday,School Holiday Weekday,Tram,381650
2022,6,Jun,Tuesday,Normal Weekday,Bus (Metropolitan),280750
2022,6,Jun,Tuesday,Normal Weekday,Train (Metropolitan),420400
2022,6,Jun,Tuesday,Normal Weekday,Bus (Regional),33300
2022,6,Jun,Tuesday,Normal Weekday,Train (Regional),36750
2022,6,Jun,Tuesday,Normal Weekday,Tram,335950
2022,6,Jun,Tuesday,School Holiday Weekday,Bus (Metropolitan),256750
2022,6,Jun,Tuesday,School Holiday Weekday,Train (Metropolitan),421150
2022,6,Jun,Tuesday,School Holiday Weekday,Bus (Regional),26000
2022,6,Jun,Tuesday,School Holiday Weekday,Train (Regional),37750
2022,6,Jun,Tuesday,School Holiday Weekday,Tram,353950
2022,6,Jun,Wednesday,Normal Weekday,Bus (Metropolitan),276250
2022,6,Jun,Wednesday,Normal Weekday,Train (Metropolitan),425950
2022,6,Jun,Wednesday,Normal Weekday,Bus (Regional),33550
2022,6,Jun,Wednesday,Normal Weekday,Train (Regional),36700
2022,6,Jun,Wednesday,Normal Weekday,Tram,337800
2022,6,Jun,Wednesday,School Holiday Weekday,Bus (Metropolitan),256900
2022,6,Jun,Wednesday,School Holiday Weekday,Train (Metropolitan),434450
2022,6,Jun,Wednesday,School Holiday Weekday,Bus (Regional),26200
2022,6,Jun,Wednesday,School Holiday Weekday,Train (Regional),38750
2022,6,Jun,Wednesday,School Holiday Weekday,Tram,376450
2022,7,Jul,Friday,Normal Weekday,Bus (Metropolitan),297500
2022,7,Jul,Friday,Normal Weekday,Train (Metropolitan),438600
2022,7,Jul,Friday,Normal Weekday,Bus (Regional),36650
2022,7,Jul,Friday,Normal Weekday,Train (Regional),36750
2022,7,Jul,Friday,Normal Weekday,Tram,410250
2022,7,Jul,Friday,School Holiday Weekday,Bus (Metropolitan),234800
2022,7,Jul,Friday,School Holiday Weekday,Train (Metropolitan),400050
2022,7,Jul,Friday,School Holiday Weekday,Bus (Regional),24950
2022,7,Jul,Friday,School Holiday Weekday,Train (Regional),34300
2022,7,Jul,Friday,School Holiday Weekday,Tram,365550
2022,7,Jul,Monday,Normal Weekday,Bus (Metropolitan),279850
2022,7,Jul,Monday,Normal Weekday,Train (Metropolitan),367600
2022,7,Jul,Monday,Normal Weekday,Bus (Regional),33150
2022,7,Jul,Monday,Normal Weekday,Train (Regional),29900
2022,7,Jul,Monday,Normal Weekday,Tram,350900
2022,7,Jul,Monday,School Holiday Weekday,Bus (Metropolitan),239550
2022,7,Jul,Monday,School Holiday Weekday,Train (Metropolitan),370050
2022,7,Jul,Monday,School Holiday Weekday,Bus (Regional),25200
2022,7,Jul,Monday,School Holiday Weekday,Train (Regional),29100
2022,7,Jul,Monday,School Holiday Weekday,Tram,332350
2022,7,Jul,Saturday,Weekend,Bus (Metropolitan),155850
2022,7,Jul,Saturday,Weekend,Train (Metropolitan),301450
2022,7,Jul,Saturday,Weekend,Bus (Regional),15150
2022,7,Jul,Saturday,Weekend,Train (Regional),23900
2022,7,Jul,Saturday,Weekend,Tram,342900
2022,7,Jul,Sunday,Weekend,Bus (Metropolitan),119450
2022,7,Jul,Sunday,Weekend,Train (Metropolitan),234800
2022,7,Jul,Sunday,Weekend,Bus (Regional),9050
2022,7,Jul,Sunday,Weekend,Train (Regional),19050
2022,7,Jul,Sunday,Weekend,Tram,269450
2022,7,Jul,Thursday,Normal Weekday,Bus (Metropolitan),308450
2022,7,Jul,Thursday,Normal Weekday,Train (Metropolitan),430450
2022,7,Jul,Thursday,Normal Weekday,Bus (Regional),37850
2022,7,Jul,Thursday,Normal Weekday,Train (Regional),34650
2022,7,Jul,Thursday,Normal Weekday,Tram,405400
2022,7,Jul,Thursday,School Holiday Weekday,Bus (Metropolitan),261850
2022,7,Jul,Thursday,School Holiday Weekday,Train (Metropolitan),422400
2022,7,Jul,Thursday,School Holiday Weekday,Bus (Regional),28050
2022,7,Jul,Thursday,School Holiday Weekday,Train (Regional),32700
2022,7,Jul,Thursday,School Holiday Weekday,Tram,375350
2022,7,Jul,Tuesday,Normal Weekday,Bus (Metropolitan),297600
2022,7,Jul,Tuesday,Normal Weekday,Train (Metropolitan),439700
2022,7,Jul,Tuesday,Normal Weekday,Bus (Regional),36450
2022,7,Jul,Tuesday,Normal Weekday,Train (Regional),34900
2022,7,Jul,Tuesday,Normal Weekday,Tram,388600
2022,7,Jul,Tuesday,School Holiday Weekday,Bus (Metropolitan),258450
2022,7,Jul,Tuesday,School Holiday Weekday,Train (Metropolitan),414250
2022,7,Jul,Tuesday,School Holiday Weekday,Bus (Regional),27100
2022,7,Jul,Tuesday,School Holiday Weekday,Train (Regional),31000
2022,7,Jul,Tuesday,School Holiday Weekday,Tram,371900
2022,7,Jul,Wednesday,Normal Weekday,Bus (Metropolitan),303200
2022,7,Jul,Wednesday,Normal Weekday,Train (Metropolitan),431550
2022,7,Jul,Wednesday,Normal Weekday,Bus (Regional),36650
2022,7,Jul,Wednesday,Normal Weekday,Train (Regional),34150
2022,7,Jul,Wednesday,Normal Weekday,Tram,400300
2022,7,Jul,Wednesday,School Holiday Weekday,Bus (Metropolitan),267450
2022,7,Jul,Wednesday,School Holiday Weekday,Train (Metropolitan),435750
2022,7,Jul,Wednesday,School Holiday Weekday,Bus (Regional),27500
2022,7,Jul,Wednesday,School Holiday Weekday,Train (Regional),32850
2022,7,Jul,Wednesday,School Holiday Weekday,Tram,390550
2022,8,Aug,Friday,Normal Weekday,Bus (Metropolitan),306550
2022,8,Aug,Friday,Normal Weekday,Train (Metropolitan),460200
2022,8,Aug,Friday,Normal Weekday,Bus (Regional),34100
2022,8,Aug,Friday,Normal Weekday,Train (Regional),37800
2022,8,Aug,Friday,Normal Weekday,Tram,436450
2022,8,Aug,Monday,Normal Weekday,Bus (Metropolitan),293200
2022,8,Aug,Monday,Normal Weekday,Train (Metropolitan),395100
2022,8,Aug,Monday,Normal Weekday,Bus (Regional),33000
2022,8,Aug,Monday,Normal Weekday,Train (Regional),34100
2022,8,Aug,Monday,Normal Weekday,Tram,374500
2022,8,Aug,Saturday,Weekend,Bus (Metropolitan),170450
2022,8,Aug,Saturday,Weekend,Train (Metropolitan),296100
2022,8,Aug,Saturday,Weekend,Bus (Regional),15100
2022,8,Aug,Saturday,Weekend,Train (Regional),26600
2022,8,Aug,Saturday,Weekend,Tram,383300
2022,8,Aug,Sunday,Weekend,Bus (Metropolitan),130600
2022,8,Aug,Sunday,Weekend,Train (Metropolitan),247750
2022,8,Aug,Sunday,Weekend,Bus (Regional),9250
2022,8,Aug,Sunday,Weekend,Train (Regional),19850
2022,8,Aug,Sunday,Weekend,Tram,299150
2022,8,Aug,Thursday,Normal Weekday,Bus (Metropolitan),316400
2022,8,Aug,Thursday,Normal Weekday,Train (Metropolitan),464600
2022,8,Aug,Thursday,Normal Weekday,Bus (Regional),35950
2022,8,Aug,Thursday,Normal Weekday,Train (Regional),37650
2022,8,Aug,Thursday,Normal Weekday,Tram,432500
2022,8,Aug,Tuesday,Normal Weekday,Bus (Metropolitan),314050
2022,8,Aug,Tuesday,Normal Weekday,Train (Metropolitan),456000
2022,8,Aug,Tuesday,Normal Weekday,Bus (Regional),34800
2022,8,Aug,Tuesday,Normal Weekday,Train (Regional),37500
2022,8,Aug,Tuesday,Normal Weekday,Tram,420800
2022,8,Aug,Wednesday,Normal Weekday,Bus (Metropolitan),321250
2022,8,Aug,Wednesday,Normal Weekday,Train (Metropolitan),468400
2022,8,Aug,Wednesday,Normal Weekday,Bus (Regional),36150
2022,8,Aug,Wednesday,Normal Weekday,Train (Regional),38550
2022,8,Aug,Wednesday,Normal Weekday,Tram,435800
2022,9,Sep,Friday,Normal Weekday,Bus (Metropolitan),304800
2022,9,Sep,Friday,Normal Weekday,Train (Metropolitan),510450
2022,9,Sep,Friday,Normal Weekday,Bus (Regional),33700
2022,9,Sep,Friday,Normal Weekday,Train (Regional),40350
2022,9,Sep,Friday,Normal Weekday,Tram,456250
2022,9,Sep,Friday,School Holiday Weekday,Bus (Metropolitan),287900
2022,9,Sep,Friday,School Holiday Weekday,Train (Metropolitan),467400
2022,9,Sep,Friday,School Holiday Weekday,Bus (Regional),29150
2022,9,Sep,Friday,School Holiday Weekday,Train (Regional),41100
2022,9,Sep,Friday,School Holiday Weekday,Tram,439250
2022,9,Sep,Monday,Normal Weekday,Bus (Metropolitan),299000
2022,9,Sep,Monday,Normal Weekday,Train (Metropolitan),415750
2022,9,Sep,Monday,Normal Weekday,Bus (Regional),34550
2022,9,Sep,Monday,Normal Weekday,Train (Regional),35850
2022,9,Sep,Monday,Normal Weekday,Tram,395950
2022,9,Sep,Monday,School Holiday Weekday,Bus (Metropolitan),263500
2022,9,Sep,Monday,School Holiday Weekday,Train (Metropolitan),407800
2022,9,Sep,Monday,School Holiday Weekday,Bus (Regional),25850
2022,9,Sep,Monday,School Holiday Weekday,Train (Regional),36600
2022,9,Sep,Monday,School Holiday Weekday,Tram,383600
2022,9,Sep,Saturday,Weekend,Bus (Metropolitan),171300
2022,9,Sep,Saturday,Weekend,Train (Metropolitan),333100
2022,9,Sep,Saturday,Weekend,Bus (Regional),14850
2022,9,Sep,Saturday,Weekend,Train (Regional),28300
2022,9,Sep,Saturday,Weekend,Tram,357350
2022,9,Sep,Sunday,Weekend,Bus (Metropolitan),117600
2022,9,Sep,Sunday,Weekend,Train (Metropolitan),201750
2022,9,Sep,Sunday,Weekend,Bus (Regional),8700
2022,9,Sep,Sunday,Weekend,Train (Regional),17700
2022,9,Sep,Sunday,Weekend,Tram,259000
2022,9,Sep,Thursday,Normal Weekday,Bus (Metropolitan),322250
2022,9,Sep,Thursday,Normal Weekday,Train (Metropolitan),489450
2022,9,Sep,Thursday,Normal Weekday,Bus (Regional),35050
2022,9,Sep,Thursday,Normal Weekday,Train (Regional),39250
2022,9,Sep,Thursday,Normal Weekday,Tram,458950
2022,9,Sep,Thursday,School Holiday Weekday,Bus (Metropolitan),298300
2022,9,Sep,Thursday,School Holiday Weekday,Train (Metropolitan),511550
2022,9,Sep,Thursday,School Holiday Weekday,Bus (Regional),29950
2022,9,Sep,Thursday,School Holiday Weekday,Train (Regional),44900
2022,9,Sep,Thursday,School Holiday Weekday,Tram,448400
2022,9,Sep,Tuesday,Normal Weekday,Bus (Metropolitan),323300
2022,9,Sep,Tuesday,Normal Weekday,Train (Metropolitan),486950
2022,9,Sep,Tuesday,Normal Weekday,Bus (Regional),35800
2022,9,Sep,Tuesday,Normal Weekday,Train (Regional),40450
2022,9,Sep,Tuesday,Normal Weekday,Tram,441000
2022,9,Sep,Tuesday,School Holiday Weekday,Bus (Metropolitan),284500
2022,9,Sep,Tuesday,School Holiday Weekday,Train (Metropolitan),476300
2022,9,Sep,Tuesday,School Holiday Weekday,Bus (Regional),27600
2022,9,Sep,Tuesday,School Holiday Weekday,Train (Regional),43050
2022,9,Sep,Tuesday,School Holiday Weekday,Tram,429400
2022,9,Sep,Wednesday,Normal Weekday,Bus (Metropolitan),328550
2022,9,Sep,Wednesday,Normal Weekday,Train (Metropolitan),496800
2022,9,Sep,Wednesday,Normal Weekday,Bus (Regional),36300
2022,9,Sep,Wednesday,Normal Weekday,Train (Regional),41700
2022,9,Sep,Wednesday,Normal Weekday,Tram,456900
2022,9,Sep,Wednesday,School Holiday Weekday,Bus (Metropolitan),290000
2022,9,Sep,Wednesday,School Holiday Weekday,Train (Metropolitan),492950
2022,9,Sep,Wednesday,School Holiday Weekday,Bus (Regional),27850
2022,9,Sep,Wednesday,School Holiday Weekday,Train (Regional),46450
2022,9,Sep,Wednesday,School Holiday Weekday,Tram,450250
2022,10,Oct,Friday,Normal Weekday,Bus (Metropolitan),296500
2022,10,Oct,Friday,Normal Weekday,Train (Metropolitan),452900
2022,10,Oct,Friday,Normal Weekday,Bus (Regional),33100
2022,10,Oct,Friday,Normal Weekday,Train (Regional),38850
2022,10,Oct,Friday,Normal Weekday,Tram,432200
2022,10,Oct,Monday,Normal Weekday,Bus (Metropolitan),296250
2022,10,Oct,Monday,Normal Weekday,Train (Metropolitan),400650
2022,10,Oct,Monday,Normal Weekday,Bus (Regional),32650
2022,10,Oct,Monday,Normal Weekday,Train (Regional),33350
2022,10,Oct,Monday,Normal Weekday,Tram,387450
2022,10,Oct,Saturday,Weekend,Bus (Metropolitan),176650
2022,10,Oct,Saturday,Weekend,Train (Metropolitan),297950
2022,10,Oct,Saturday,Weekend,Bus (Regional),15650
2022,10,Oct,Saturday,Weekend,Train (Regional),26950
2022,10,Oct,Saturday,Weekend,Tram,348650
2022,10,Oct,Sunday,Weekend,Bus (Metropolitan),150900
2022,10,Oct,Sunday,Weekend,Train (Metropolitan),220700
2022,10,Oct,Sunday,Weekend,Bus (Regional),9550
2022,10,Oct,Sunday,Weekend,Train (Regional),19250
2022,10,Oct,Sunday,Weekend,Tram,264450
2022,10,Oct,Thursday,Normal Weekday,Bus (Metropolitan),309100
2022,10,Oct,Thursday,Normal Weekday,Train (Metropolitan),471350
2022,10,Oct,Thursday,Normal Weekday,Bus (Regional),33850
2022,10,Oct,Thursday,Normal Weekday,Train (Regional),40750
2022,10,Oct,Thursday,Normal Weekday,Tram,439200
2022,10,Oct,Tuesday,Normal Weekday,Bus (Metropolitan),333350
2022,10,Oct,Tuesday,Normal Weekday,Train (Metropolitan),502900
2022,10,Oct,Tuesday,Normal Weekday,Bus (Regional),37000
2022,10,Oct,Tuesday,Normal Weekday,Train (Regional),42650
2022,10,Oct,Tuesday,Normal Weekday,Tram,450150
2022,10,Oct,Wednesday,Normal Weekday,Bus (Metropolitan),320450
2022,10,Oct,Wednesday,Normal Weekday,Train (Metropolitan),497400
2022,10,Oct,Wednesday,Normal Weekday,Bus (Regional),33200
2022,10,Oct,Wednesday,Normal Weekday,Train (Regional),42700
2022,10,Oct,Wednesday,Normal Weekday,Tram,447800
2022,11,Nov,Friday,Normal Weekday,Bus (Metropolitan),335600
2022,11,Nov,Friday,Normal Weekday,Train (Metropolitan),479900
2022,11,Nov,Friday,Normal Weekday,Bus (Regional),36850
2022,11,Nov,Friday,Normal Weekday,Train (Regional),40150
2022,11,Nov,Friday,Normal Weekday,Tram,479000
2022,11,Nov,Monday,Normal Weekday,Bus (Metropolitan),302000
2022,11,Nov,Monday,Normal Weekday,Train (Metropolitan),409650
2022,11,Nov,Monday,Normal Weekday,Bus (Regional),33300
2022,11,Nov,Monday,Normal Weekday,Train (Regional),35600
2022,11,Nov,Monday,Normal Weekday,Tram,397800
2022,11,Nov,Saturday,Weekend,Bus (Metropolitan),179550
2022,11,Nov,Saturday,Weekend,Train (Metropolitan),326050
2022,11,Nov,Saturday,Weekend,Bus (Regional),17350
2022,11,Nov,Saturday,Weekend,Train (Regional),25350
2022,11,Nov,Saturday,Weekend,Tram,353050
2022,11,Nov,Sunday,Weekend,Bus (Metropolitan),142800
2022,11,Nov,Sunday,Weekend,Train (Metropolitan),237900
2022,11,Nov,Sunday,Weekend,Bus (Regional),9950
2022,11,Nov,Sunday,Weekend,Train (Regional),19150
2022,11,Nov,Sunday,Weekend,Tram,255200
2022,11,Nov,Thursday,Normal Weekday,Bus (Metropolitan),340550
2022,11,Nov,Thursday,Normal Weekday,Train (Metropolitan),506750
2022,11,Nov,Thursday,Normal Weekday,Bus (Regional),36950
2022,11,Nov,Thursday,Normal Weekday,Train (Regional),41900
2022,11,Nov,Thursday,Normal Weekday,Tram,470400
2022,11,Nov,Tuesday,Normal Weekday,Bus (Metropolitan),332100
2022,11,Nov,Tuesday,Normal Weekday,Train (Metropolitan),491900
2022,11,Nov,Tuesday,Normal Weekday,Bus (Regional),35950
2022,11,Nov,Tuesday,Normal Weekday,Train (Regional),41450
2022,11,Nov,Tuesday,Normal Weekday,Tram,451350
2022,11,Nov,Wednesday,Normal Weekday,Bus (Metropolitan),335050
2022,11,Nov,Wednesday,Normal Weekday,Train (Metropolitan),489650
2022,11,Nov,Wednesday,Normal Weekday,Bus (Regional),35950
2022,11,Nov,Wednesday,Normal Weekday,Train (Regional),40950
2022,11,Nov,Wednesday,Normal Weekday,Tram,462250
2022,12,Dec,Friday,Normal Weekday,Bus (Metropolitan),334350
2022,12,Dec,Friday,Normal Weekday,Train (Metropolitan),499350
2022,12,Dec,Friday,Normal Weekday,Bus (Regional),34000
2022,12,Dec,Friday,Normal Weekday,Train (Regional),43650
2022,12,Dec,Friday,Normal Weekday,Tram,462500
2022,12,Dec,Friday,School Holiday Weekday,Bus (Metropolitan),232800
2022,12,Dec,Friday,School Holiday Weekday,Train (Metropolitan),323650
2022,12,Dec,Friday,School Holiday Weekday,Bus (Regional),24650
2022,12,Dec,Friday,School Holiday Weekday,Train (Regional),31400
2022,12,Dec,Friday,School Holiday Weekday,Tram,362800
2022,12,Dec,Monday,Normal Weekday,Bus (Metropolitan),290250
2022,12,Dec,Monday,Normal Weekday,Train (Metropolitan),393950
2022,12,Dec,Monday,Normal Weekday,Bus (Regional),29350
2022,12,Dec,Monday,Normal Weekday,Train (Regional),35700
2022,12,Dec,Monday,Normal Weekday,Tram,378600
2022,12,Dec,Saturday,Weekend,Bus (Metropolitan),172500
2022,12,Dec,Saturday,Weekend,Train (Metropolitan),286000
2022,12,Dec,Saturday,Weekend,Bus (Regional),18300
2022,12,Dec,Saturday,Weekend,Train (Regional),23750
2022,12,Dec,Saturday,Weekend,Tram,302500
2022,12,Dec,Sunday,Weekend,Bus (Metropolitan),132750
2022,12,Dec,Sunday,Weekend,Train (Metropolitan),213650
2022,12,Dec,Sunday,Weekend,Bus (Regional),10800
2022,12,Dec,Sunday,Weekend,Train (Regional),17000
2022,12,Dec,Sunday,Weekend,Tram,248700
2022,12,Dec,Thursday,Normal Weekday,Bus (Metropolitan),334850
2022,12,Dec,Thursday,Normal Weekday,Train (Metropolitan),500250
2022,12,Dec,Thursday,Normal Weekday,Bus (Regional),34050
2022,12,Dec,Thursday,Normal Weekday,Train (Regional),43500
2022,12,Dec,Thursday,Normal Weekday,Tram,446500
2022,12,Dec,Thursday,School Holiday Weekday,Bus (Metropolitan),238750
2022,12,Dec,Thursday,School Holiday Weekday,Train (Metropolitan),346300
2022,12,Dec,Thursday,School Holiday Weekday,Bus (Regional),25400
2022,12,Dec,Thursday,School Holiday Weekday,Train (Regional),34550
2022,12,Dec,Thursday,School Holiday Weekday,Tram,375450
2022,12,Dec,Tuesday,Normal Weekday,Bus (Metropolitan),317800
2022,12,Dec,Tuesday,Normal Weekday,Train (Metropolitan),471950
2022,12,Dec,Tuesday,Normal Weekday,Bus (Regional),31450
2022,12,Dec,Tuesday,Normal Weekday,Train (Regional),41750
2022,12,Dec,Tuesday,Normal Weekday,Tram,425550
2022,12,Dec,Wednesday,Normal Weekday,Bus (Metropolitan),322950
2022,12,Dec,Wednesday,Normal Weekday,Train (Metropolitan),494450
2022,12,Dec,Wednesday,Normal Weekday,Bus (Regional),32000
2022,12,Dec,Wednesday,Normal Weekday,Train (Regional),44000
2022,12,Dec,Wednesday,Normal Weekday,Tram,424500
2022,12,Dec,Wednesday,School Holiday Weekday,Bus (Metropolitan),239350
2022,12,Dec,Wednesday,School Holiday Weekday,Train (Metropolitan),360000
2022,12,Dec,Wednesday,School Holiday Weekday,Bus (Regional),24800
2022,12,Dec,Wednesday,School Holiday Weekday,Train (Regional),35500
2022,12,Dec,Wednesday,School Holiday Weekday,Tram,368000
2023,1,Jan,Friday,School Holiday Weekday,Bus (Metropolitan),273300
2023,1,Jan,Friday,School Holiday Weekday,Train (Metropolitan),339700
2023,1,Jan,Friday,School Holiday Weekday,Bus (Regional),29600
2023,1,Jan,Friday,School Holiday Weekday,Train (Regional),33950
2023,1,Jan,Friday,School Holiday Weekday,Tram,452650
2023,1,Jan,Monday,Normal Weekday,Bus (Metropolitan),311450
2023,1,Jan,Monday,Normal Weekday,Train (Metropolitan),404550
2023,1,Jan,Monday,Normal Weekday,Bus (Regional),33300
2023,1,Jan,Monday,Normal Weekday,Train (Regional),35900
2023,1,Jan,Monday,Normal Weekday,Tram,416400
2023,1,Jan,Monday,School Holiday Weekday,Bus (Metropolitan),275400
2023,1,Jan,Monday,School Holiday Weekday,Train (Metropolitan),350500
2023,1,Jan,Monday,School Holiday Weekday,Bus (Regional),28300
2023,1,Jan,Monday,School Holiday Weekday,Train (Regional),34550
2023,1,Jan,Monday,School Holiday Weekday,Tram,430000
2023,1,Jan,Saturday,Weekend,Bus (Metropolitan),164950
2023,1,Jan,Saturday,Weekend,Train (Metropolitan),253950
2023,1,Jan,Saturday,Weekend,Bus (Regional),17550
2023,1,Jan,Saturday,Weekend,Train (Regional),21500
2023,1,Jan,Saturday,Weekend,Tram,358500
2023,1,Jan,Sunday,Weekend,Bus (Metropolitan),129100
2023,1,Jan,Sunday,Weekend,Train (Metropolitan),205450
2023,1,Jan,Sunday,Weekend,Bus (Regional),10400
2023,1,Jan,Sunday,Weekend,Train (Regional),17200
2023,1,Jan,Sunday,Weekend,Tram,287100
2023,1,Jan,Thursday,School Holiday Weekday,Bus (Metropolitan),283850
2023,1,Jan,Thursday,School Holiday Weekday,Train (Metropolitan),347900
2023,1,Jan,Thursday,School Holiday Weekday,Bus (Regional),28700
2023,1,Jan,Thursday,School Holiday Weekday,Train (Regional),36000
2023,1,Jan,Thursday,School Holiday Weekday,Tram,471300
2023,1,Jan,Tuesday,Normal Weekday,Bus (Metropolitan),346650
2023,1,Jan,Tuesday,Normal Weekday,Train (Metropolitan),485050
2023,1,Jan,Tuesday,Normal Weekday,Bus (Regional),38350
2023,1,Jan,Tuesday,Normal Weekday,Train (Regional),41100
2023,1,Jan,Tuesday,Normal Weekday,Tram,473800
2023,1,Jan,Tuesday,School Holiday Weekday,Bus (Metropolitan),269700
2023,1,Jan,Tuesday,School Holiday Weekday,Train (Metropolitan),359900
2023,1,Jan,Tuesday,School Holiday Weekday,Bus (Regional),26950
2023,1,Jan,Tuesday,School Holiday Weekday,Train (Regional),37000
2023,1,Jan,Tuesday,School Holiday Weekday,Tram,440750
2023,1,Jan,Wednesday,School Holiday Weekday,Bus (Metropolitan),273650
2023,1,Jan,Wednesday,School Holiday Weekday,Train (Metropolitan),360650
2023,1,Jan,Wednesday,School Holiday Weekday,Bus (Regional),28400
2023,1,Jan,Wednesday,School Holiday Weekday,Train (Regional),37150
2023,1,Jan,Wednesday,School Holiday Weekday,Tram,464400
2023,2,Feb,Friday,Normal Weekday,Bus (Metropolitan),330350
2023,2,Feb,Friday,Normal Weekday,Train (Metropolitan),471350
2023,2,Feb,Friday,Normal Weekday,Bus (Regional),38550
2023,2,Feb,Friday,Normal Weekday,Train (Regional),42300
2023,2,Feb,Friday,Normal Weekday,Tram,481750
2023,2,Feb,Monday,Normal Weekday,Bus (Metropolitan),361200
2023,2,Feb,Monday,Normal Weekday,Train (Metropolitan),473150
2023,2,Feb,Monday,Normal Weekday,Bus (Regional),40850
2023,2,Feb,Monday,Normal Weekday,Train (Regional),41250
2023,2,Feb,Monday,Normal Weekday,Tram,467850
2023,2,Feb,Saturday,Weekend,Bus (Metropolitan),201000
2023,2,Feb,Saturday,Weekend,Train (Metropolitan),286150
2023,2,Feb,Saturday,Weekend,Bus (Regional),18000
2023,2,Feb,Saturday,Weekend,Train (Regional),23350
2023,2,Feb,Saturday,Weekend,Tram,420400
2023,2,Feb,Sunday,Weekend,Bus (Metropolitan),151350
2023,2,Feb,Sunday,Weekend,Train (Metropolitan),207400
2023,2,Feb,Sunday,Weekend,Bus (Regional),10800
2023,2,Feb,Sunday,Weekend,Train (Regional),16200
2023,2,Feb,Sunday,Weekend,Tram,327350
2023,2,Feb,Thursday,Normal Weekday,Bus (Metropolitan),353450
2023,2,Feb,Thursday,Normal Weekday,Train (Metropolitan),516150
2023,2,Feb,Thursday,Normal Weekday,Bus (Regional),39950
2023,2,Feb,Thursday,Normal Weekday,Train (Regional),45850
2023,2,Feb,Thursday,Normal Weekday,Tram,493500
2023,2,Feb,Tuesday,Normal Weekday,Bus (Metropolitan),383900
2023,2,Feb,Tuesday,Normal Weekday,Train (Metropolitan),566500
2023,2,Feb,Tuesday,Normal Weekday,Bus (Regional),42150
2023,2,Feb,Tuesday,Normal Weekday,Train (Regional),48650
2023,2,Feb,Tuesday,Normal Weekday,Tram,521150
2023,2,Feb,Wednesday,Normal Weekday,Bus (Metropolitan),370800
2023,2,Feb,Wednesday,Normal Weekday,Train (Metropolitan),534450
2023,2,Feb,Wednesday,Normal Weekday,Bus (Regional),41550
2023,2,Feb,Wednesday,Normal Weekday,Train (Regional),46650
2023,2,Feb,Wednesday,Normal Weekday,Tram,511650
2023,3,Mar,Friday,Normal Weekday,Bus (Metropolitan),382700
2023,3,Mar,Friday,Normal Weekday,Train (Metropolitan),595050
2023,3,Mar,Friday,Normal Weekday,Bus (Regional),40350
2023,3,Mar,Friday,Normal Weekday,Train (Regional),51550
2023,3,Mar,Friday,Normal Weekday,Tram,537150
2023,3,Mar,Monday,Normal Weekday,Bus (Metropolitan),373150
2023,3,Mar,Monday,Normal Weekday,Train (Metropolitan),506250
2023,3,Mar,Monday,Normal Weekday,Bus (Regional),40450
2023,3,Mar,Monday,Normal Weekday,Train (Regional),44100
2023,3,Mar,Monday,Normal Weekday,Tram,483550
2023,3,Mar,Saturday,Weekend,Bus (Metropolitan),201750
2023,3,Mar,Saturday,Weekend,Train (Metropolitan),339400
2023,3,Mar,Saturday,Weekend,Bus (Regional),19800
2023,3,Mar,Saturday,Weekend,Train (Regional),29200
2023,3,Mar,Saturday,Weekend,Tram,445950
2023,3,Mar,Sunday,Weekend,Bus (Metropolitan),167650
2023,3,Mar,Sunday,Weekend,Train (Metropolitan),268800
2023,3,Mar,Sunday,Weekend,Bus (Regional),12300
2023,3,Mar,Sunday,Weekend,Train (Regional),21350
2023,3,Mar,Sunday,Weekend,Tram,334000
2023,3,Mar,Thursday,Normal Weekday,Bus (Metropolitan),403250
2023,3,Mar,Thursday,Normal Weekday,Train (Metropolitan),638600
2023,3,Mar,Thursday,Normal Weekday,Bus (Regional),42400
2023,3,Mar,Thursday,Normal Weekday,Train (Regional),53400
2023,3,Mar,Thursday,Normal Weekday,Tram,558500
2023,3,Mar,Tuesday,Normal Weekday,Bus (Metropolitan),398050
2023,3,Mar,Tuesday,Normal Weekday,Train (Metropolitan),583600
2023,3,Mar,Tuesday,Normal Weekday,Bus (Regional),43100
2023,3,Mar,Tuesday,Normal Weekday,Train (Regional),51450
2023,3,Mar,Tuesday,Normal Weekday,Tram,535200
2023,3,Mar,Wednesday,Normal Weekday,Bus (Metropolitan),403050
2023,3,Mar,Wednesday,Normal Weekday,Train (Metropolitan),593650
2023,3,Mar,Wednesday,Normal Weekday,Bus (Regional),42150
2023,3,Mar,Wednesday,Normal Weekday,Train (Regional),52000
2023,3,Mar,Wednesday,Normal Weekday,Tram,554100
2023,4,Apr,Friday,Normal Weekday,Bus (Metropolitan),386000
2023,4,Apr,Friday,Normal Weekday,Train (Metropolitan),533000
2023,4,Apr,Friday,Normal Weekday,Bus (Regional),41850
2023,4,Apr,Friday,Normal Weekday,Train (Regional),42400
2023,4,Apr,Friday,Normal Weekday,Tram,453900
2023,4,Apr,Friday,School Holiday Weekday,Bus (Metropolitan),332600
2023,4,Apr,Friday,School Holiday Weekday,Train (Metropolitan),486050
2023,4,Apr,Friday,School Holiday Weekday,Bus (Regional),32600
2023,4,Apr,Friday,School Holiday Weekday,Train (Regional),24800
2023,4,Apr,Friday,School Holiday Weekday,Tram,476300
2023,4,Apr,Monday,Normal Weekday,Bus (Metropolitan),356850
2023,4,Apr,Monday,Normal Weekday,Train (Metropolitan),499650
2023,4,Apr,Monday,Normal Weekday,Bus (Regional),37500
2023,4,Apr,Monday,Normal Weekday,Train (Regional),40600
2023,4,Apr,Monday,Normal Weekday,Tram,458100
2023,4,Apr,Monday,School Holiday Weekday,Bus (Metropolitan),332850
2023,4,Apr,Monday,School Holiday Weekday,Train (Metropolitan),474300
2023,4,Apr,Monday,School Holiday Weekday,Bus (Regional),30600
2023,4,Apr,Monday,School Holiday Weekday,Train (Regional),23050
2023,4,Apr,Monday,School Holiday Weekday,Tram,423250
2023,4,Apr,Saturday,Weekend,Bus (Metropolitan),193700
2023,4,Apr,Saturday,Weekend,Train (Metropolitan),330500
2023,4,Apr,Saturday,Weekend,Bus (Regional),21900
2023,4,Apr,Saturday,Weekend,Train (Regional),25500
2023,4,Apr,Saturday,Weekend,Tram,409100
2023,4,Apr,Sunday,Weekend,Bus (Metropolitan),157700
2023,4,Apr,Sunday,Weekend,Train (Metropolitan),262500
2023,4,Apr,Sunday,Weekend,Bus (Regional),13800
2023,4,Apr,Sunday,Weekend,Train (Regional),20000
2023,4,Apr,Sunday,Weekend,Tram,314700
2023,4,Apr,Thursday,Normal Weekday,Bus (Metropolitan),391600
2023,4,Apr,Thursday,Normal Weekday,Train (Metropolitan),564250
2023,4,Apr,Thursday,Normal Weekday,Bus (Regional),41350
2023,4,Apr,Thursday,Normal Weekday,Train (Regional),44950
2023,4,Apr,Thursday,Normal Weekday,Tram,495000
2023,4,Apr,Thursday,School Holiday Weekday,Bus (Metropolitan),347600
2023,4,Apr,Thursday,School Holiday Weekday,Train (Metropolitan),537400
2023,4,Apr,Thursday,School Holiday Weekday,Bus (Regional),32600
2023,4,Apr,Thursday,School Holiday Weekday,Train (Regional),24350
2023,4,Apr,Thursday,School Holiday Weekday,Tram,490050
2023,4,Apr,Tuesday,Normal Weekday,Bus (Metropolitan),402800
2023,4,Apr,Tuesday,Normal Weekday,Train (Metropolitan),587000
2023,4,Apr,Tuesday,Normal Weekday,Bus (Regional),43300
2023,4,Apr,Tuesday,Normal Weekday,Train (Regional),54350
2023,4,Apr,Tuesday,Normal Weekday,Tram,511850
2023,4,Apr,Tuesday,School Holiday Weekday,Bus (Metropolitan),338950
2023,4,Apr,Tuesday,School Holiday Weekday,Train (Metropolitan),516250
2023,4,Apr,Tuesday,School Holiday Weekday,Bus (Regional),31700
2023,4,Apr,Tuesday,School Holiday Weekday,Train (Regional),25900
2023,4,Apr,Tuesday,School Holiday Weekday,Tram,463700
2023,4,Apr,Wednesday,Normal Weekday,Bus (Metropolitan),405300
2023,4,Apr,Wednesday,Normal Weekday,Train (Metropolitan),573200
2023,4,Apr,Wednesday,Normal Weekday,Bus (Regional),42750
2023,4,Apr,Wednesday,Normal Weekday,Train (Regional),47350
2023,4,Apr,Wednesday,Normal Weekday,Tram,506800
2023,4,Apr,Wednesday,School Holiday Weekday,Bus (Metropolitan),330000
2023,4,Apr,Wednesday,School Holiday Weekday,Train (Metropolitan),513750
2023,4,Apr,Wednesday,School Holiday Weekday,Bus (Regional),29900
2023,4,Apr,Wednesday,School Holiday Weekday,Train (Regional),25500
2023,4,Apr,Wednesday,School Holiday Weekday,Tram,466900
2023,5,May,Friday,Normal Weekday,Bus (Metropolitan),361050
2023,5,May,Friday,Normal Weekday,Train (Metropolitan),522700
2023,5,May,Friday,Normal Weekday,Bus (Regional),39300
2023,5,May,Friday,Normal Weekday,Train (Regional),48350
2023,5,May,Friday,Normal Weekday,Tram,440900
2023,5,May,Monday,Normal Weekday,Bus (Metropolitan),359450
2023,5,May,Monday,Normal Weekday,Train (Metropolitan),477500
2023,5,May,Monday,Normal Weekday,Bus (Regional),38500
2023,5,May,Monday,Normal Weekday,Train (Regional),41950
2023,5,May,Monday,Normal Weekday,Tram,393300
2023,5,May,Saturday,Weekend,Bus (Metropolitan),181000
2023,5,May,Saturday,Weekend,Train (Metropolitan),325150
2023,5,May,Saturday,Weekend,Bus (Regional),21900
2023,5,May,Saturday,Weekend,Train (Regional),31350
2023,5,May,Saturday,Weekend,Tram,406150
2023,5,May,Sunday,Weekend,Bus (Metropolitan),136950
2023,5,May,Sunday,Weekend,Train (Metropolitan),254650
2023,5,May,Sunday,Weekend,Bus (Regional),13200
2023,5,May,Sunday,Weekend,Train (Regional),25500
2023,5,May,Sunday,Weekend,Tram,298300
2023,5,May,Thursday,Normal Weekday,Bus (Metropolitan),387800
2023,5,May,Thursday,Normal Weekday,Train (Metropolitan),563950
2023,5,May,Thursday,Normal Weekday,Bus (Regional),40750
2023,5,May,Thursday,Normal Weekday,Train (Regional),48800
2023,5,May,Thursday,Normal Weekday,Tram,458150
2023,5,May,Tuesday,Normal Weekday,Bus (Metropolitan),375650
2023,5,May,Tuesday,Normal Weekday,Train (Metropolitan),552150
2023,5,May,Tuesday,Normal Weekday,Bus (Regional),39700
2023,5,May,Tuesday,Normal Weekday,Train (Regional),47650
2023,5,May,Tuesday,Normal Weekday,Tram,432500
2023,5,May,Wednesday,Normal Weekday,Bus (Metropolitan),381200
2023,5,May,Wednesday,Normal Weekday,Train (Metropolitan),553850
2023,5,May,Wednesday,Normal Weekday,Bus (Regional),39500
2023,5,May,Wednesday,Normal Weekday,Train (Regional),48350
2023,5,May,Wednesday,Normal Weekday,Tram,443500
2023,6,Jun,Friday,Normal Weekday,Bus (Metropolitan),340300
2023,6,Jun,Friday,Normal Weekday,Train (Metropolitan),482750
2023,6,Jun,Friday,Normal Weekday,Bus (Regional),37300
2023,6,Jun,Friday,Normal Weekday,Train (Regional),46250
2023,6,Jun,Friday,Normal Weekday,Tram,407050
2023,6,Jun,Friday,School Holiday Weekday,Bus (Metropolitan),305700
2023,6,Jun,Friday,School Holiday Weekday,Train (Metropolitan),408750
2023,6,Jun,Friday,School Holiday Weekday,Bus (Regional),31350
2023,6,Jun,Friday,School Holiday Weekday,Train (Regional),56900
2023,6,Jun,Friday,School Holiday Weekday,Tram,414500
2023,6,Jun,Monday,Normal Weekday,Bus (Metropolitan),325100
2023,6,Jun,Monday,Normal Weekday,Train (Metropolitan),445000
2023,6,Jun,Monday,Normal Weekday,Bus (Regional),36300
2023,6,Jun,Monday,Normal Weekday,Train (Regional),41150
2023,6,Jun,Monday,Normal Weekday,Tram,352100
2023,6,Jun,Monday,School Holiday Weekday,Bus (Metropolitan),302500
2023,6,Jun,Monday,School Holiday Weekday,Train (Metropolitan),367500
2023,6,Jun,Monday,School Holiday Weekday,Bus (Regional),29250
2023,6,Jun,Monday,School Holiday Weekday,Train (Regional),47250
2023,6,Jun,Monday,School Holiday Weekday,Tram,356850
2023,6,Jun,Saturday,Weekend,Bus (Metropolitan),186250
2023,6,Jun,Saturday,Weekend,Train (Metropolitan),285800
2023,6,Jun,Saturday,Weekend,Bus (Regional),21500
2023,6,Jun,Saturday,Weekend,Train (Regional),27400
2023,6,Jun,Saturday,Weekend,Tram,412900
2023,6,Jun,Sunday,Weekend,Bus (Metropolitan),146800
2023,6,Jun,Sunday,Weekend,Train (Metropolitan),236850
2023,6,Jun,Sunday,Weekend,Bus (Regional),12600
2023,6,Jun,Sunday,Weekend,Train (Regional),23400
2023,6,Jun,Sunday,Weekend,Tram,318450
2023,6,Jun,Thursday,Normal Weekday,Bus (Metropolitan),358750
2023,6,Jun,Thursday,Normal Weekday,Train (Metropolitan),525350
2023,6,Jun,Thursday,Normal Weekday,Bus (Regional),38500
2023,6,Jun,Thursday,Normal Weekday,Train (Regional),49450
2023,6,Jun,Thursday,Normal Weekday,Tram,415900
2023,6,Jun,Thursday,School Holiday Weekday,Bus (Metropolitan),328350
2023,6,Jun,Thursday,School Holiday Weekday,Train (Metropolitan),432750
2023,6,Jun,Thursday,School Holiday Weekday,Bus (Regional),32050
2023,6,Jun,Thursday,School Holiday Weekday,Train (Regional),56550
2023,6,Jun,Thursday,School Holiday Weekday,Tram,417500
2023,6,Jun,Tuesday,Normal Weekday,Bus (Metropolitan),359600
2023,6,Jun,Tuesday,Normal Weekday,Train (Metropolitan),520050
2023,6,Jun,Tuesday,Normal Weekday,Bus (Regional),38450
2023,6,Jun,Tuesday,Normal Weekday,Train (Regional),48000
2023,6,Jun,Tuesday,Normal Weekday,Tram,402700
2023,6,Jun,Tuesday,School Holiday Weekday,Bus (Metropolitan),329100
2023,6,Jun,Tuesday,School Holiday Weekday,Train (Metropolitan),430250
2023,6,Jun,Tuesday,School Holiday Weekday,Bus (Regional),31450
2023,6,Jun,Tuesday,School Holiday Weekday,Train (Regional),55050
2023,6,Jun,Tuesday,School Holiday Weekday,Tram,400100
2023,6,Jun,Wednesday,Normal Weekday,Bus (Metropolitan),359150
2023,6,Jun,Wednesday,Normal Weekday,Train (Metropolitan),527200
2023,6,Jun,Wednesday,Normal Weekday,Bus (Regional),36900
2023,6,Jun,Wednesday,Normal Weekday,Train (Regional),48800
2023,6,Jun,Wednesday,Normal Weekday,Tram,406950
2023,6,Jun,Wednesday,School Holiday Weekday,Bus (Metropolitan),307350
2023,6,Jun,Wednesday,School Holiday Weekday,Train (Metropolitan),411550
2023,6,Jun,Wednesday,School Holiday Weekday,Bus (Regional),30700
2023,6,Jun,Wednesday,School Holiday Weekday,Train (Regional),55350
2023,6,Jun,Wednesday,School Holiday Weekday,Tram,395900
2023,7,Jul,Friday,Normal Weekday,Bus (Metropolitan),360700
2023,7,Jul,Friday,Normal Weekday,Train (Metropolitan),542600
2023,7,Jul,Friday,Normal Weekday,Bus (Regional),41600
2023,7,Jul,Friday,Normal Weekday,Train (Regional),55700
2023,7,Jul,Friday,Normal Weekday,Tram,443250
2023,7,Jul,Friday,School Holiday Weekday,Bus (Metropolitan),314800
2023,7,Jul,Friday,School Holiday Weekday,Train (Metropolitan),421550
2023,7,Jul,Friday,School Holiday Weekday,Bus (Regional),33400
2023,7,Jul,Friday,School Holiday Weekday,Train (Regional),63350
2023,7,Jul,Friday,School Holiday Weekday,Tram,384150
2023,7,Jul,Monday,Normal Weekday,Bus (Metropolitan),356450
2023,7,Jul,Monday,Normal Weekday,Train (Metropolitan),479900
2023,7,Jul,Monday,Normal Weekday,Bus (Regional),39850
2023,7,Jul,Monday,Normal Weekday,Train (Regional),43800
2023,7,Jul,Monday,Normal Weekday,Tram,389350
2023,7,Jul,Monday,School Holiday Weekday,Bus (Metropolitan),304600
2023,7,Jul,Monday,School Holiday Weekday,Train (Metropolitan),375000
2023,7,Jul,Monday,School Holiday Weekday,Bus (Regional),29950
2023,7,Jul,Monday,School Holiday Weekday,Train (Regional),51900
2023,7,Jul,Monday,School Holiday Weekday,Tram,356650
2023,7,Jul,Saturday,Weekend,Bus (Metropolitan),196100
2023,7,Jul,Saturday,Weekend,Train (Metropolitan),328350
2023,7,Jul,Saturday,Weekend,Bus (Regional),20600
2023,7,Jul,Saturday,Weekend,Train (Regional),35550
2023,7,Jul,Saturday,Weekend,Tram,421350
2023,7,Jul,Sunday,Weekend,Bus (Metropolitan),148500
2023,7,Jul,Sunday,Weekend,Train (Metropolitan),222750
2023,7,Jul,Sunday,Weekend,Bus (Regional),12950
2023,7,Jul,Sunday,Weekend,Train (Regional),27850
2023,7,Jul,Sunday,Weekend,Tram,310050
2023,7,Jul,Thursday,Normal Weekday,Bus (Metropolitan),374900
2023,7,Jul,Thursday,Normal Weekday,Train (Metropolitan),543300
2023,7,Jul,Thursday,Normal Weekday,Bus (Regional),42600
2023,7,Jul,Thursday,Normal Weekday,Train (Regional),53250
2023,7,Jul,Thursday,Normal Weekday,Tram,430450
2023,7,Jul,Thursday,School Holiday Weekday,Bus (Metropolitan),335200
2023,7,Jul,Thursday,School Holiday Weekday,Train (Metropolitan),480150
2023,7,Jul,Thursday,School Holiday Weekday,Bus (Regional),33850
2023,7,Jul,Thursday,School Holiday Weekday,Train (Regional),63450
2023,7,Jul,Thursday,School Holiday Weekday,Tram,411950
2023,7,Jul,Tuesday,Normal Weekday,Bus (Metropolitan),374650
2023,7,Jul,Tuesday,Normal Weekday,Train (Metropolitan),538800
2023,7,Jul,Tuesday,Normal Weekday,Bus (Regional),42800
2023,7,Jul,Tuesday,Normal Weekday,Train (Regional),52900
2023,7,Jul,Tuesday,Normal Weekday,Tram,410900
2023,7,Jul,Tuesday,School Holiday Weekday,Bus (Metropolitan),306250
2023,7,Jul,Tuesday,School Holiday Weekday,Train (Metropolitan),425950
2023,7,Jul,Tuesday,School Holiday Weekday,Bus (Regional),28950
2023,7,Jul,Tuesday,School Holiday Weekday,Train (Regional),58850
2023,7,Jul,Tuesday,School Holiday Weekday,Tram,383350
2023,7,Jul,Wednesday,Normal Weekday,Bus (Metropolitan),384700
2023,7,Jul,Wednesday,Normal Weekday,Train (Metropolitan),550850
2023,7,Jul,Wednesday,Normal Weekday,Bus (Regional),43500
2023,7,Jul,Wednesday,Normal Weekday,Train (Regional),55100
2023,7,Jul,Wednesday,Normal Weekday,Tram,439000
2023,7,Jul,Wednesday,School Holiday Weekday,Bus (Metropolitan),325250
2023,7,Jul,Wednesday,School Holiday Weekday,Train (Metropolitan),448300
2023,7,Jul,Wednesday,School Holiday Weekday,Bus (Regional),32150
2023,7,Jul,Wednesday,School Holiday Weekday,Train (Regional),64150
2023,7,Jul,Wednesday,School Holiday Weekday,Tram,413800
2023,8,Aug,Friday,Normal Weekday,Bus (Metropolitan),365900
2023,8,Aug,Friday,Normal Weekday,Train (Metropolitan),561000
2023,8,Aug,Friday,Normal Weekday,Bus (Regional),38750
2023,8,Aug,Friday,Normal Weekday,Train (Regional),44500
2023,8,Aug,Friday,Normal Weekday,Tram,447250
2023,8,Aug,Monday,Normal Weekday,Bus (Metropolitan),369400
2023,8,Aug,Monday,Normal Weekday,Train (Metropolitan),502650
2023,8,Aug,Monday,Normal Weekday,Bus (Regional),39750
2023,8,Aug,Monday,Normal Weekday,Train (Regional),42100
2023,8,Aug,Monday,Normal Weekday,Tram,403750
2023,8,Aug,Saturday,Weekend,Bus (Metropolitan),214800
2023,8,Aug,Saturday,Weekend,Train (Metropolitan),374250
2023,8,Aug,Saturday,Weekend,Bus (Regional),21850
2023,8,Aug,Saturday,Weekend,Train (Regional),26750
2023,8,Aug,Saturday,Weekend,Tram,425750
2023,8,Aug,Sunday,Weekend,Bus (Metropolitan),154150
2023,8,Aug,Sunday,Weekend,Train (Metropolitan),259150
2023,8,Aug,Sunday,Weekend,Bus (Regional),13850
2023,8,Aug,Sunday,Weekend,Train (Regional),20550
2023,8,Aug,Sunday,Weekend,Tram,336450
2023,8,Aug,Thursday,Normal Weekday,Bus (Metropolitan),393950
2023,8,Aug,Thursday,Normal Weekday,Train (Metropolitan),589250
2023,8,Aug,Thursday,Normal Weekday,Bus (Regional),41250
2023,8,Aug,Thursday,Normal Weekday,Train (Regional),45000
2023,8,Aug,Thursday,Normal Weekday,Tram,459800
2023,8,Aug,Tuesday,Normal Weekday,Bus (Metropolitan),389100
2023,8,Aug,Tuesday,Normal Weekday,Train (Metropolitan),582300
2023,8,Aug,Tuesday,Normal Weekday,Bus (Regional),40700
2023,8,Aug,Tuesday,Normal Weekday,Train (Regional),45400
2023,8,Aug,Tuesday,Normal Weekday,Tram,446250
2023,8,Aug,Wednesday,Normal Weekday,Bus (Metropolitan),394350
2023,8,Aug,Wednesday,Normal Weekday,Train (Metropolitan),601750
2023,8,Aug,Wednesday,Normal Weekday,Bus (Regional),41850
2023,8,Aug,Wednesday,Normal Weekday,Train (Regional),45850
2023,8,Aug,Wednesday,Normal Weekday,Tram,459500
2023,9,Sep,Friday,Normal Weekday,Bus (Metropolitan),346150
2023,9,Sep,Friday,Normal Weekday,Train (Metropolitan),538950
2023,9,Sep,Friday,Normal Weekday,Bus (Regional),38700
2023,9,Sep,Friday,Normal Weekday,Train (Regional),49450
2023,9,Sep,Friday,Normal Weekday,Tram,408900
2023,9,Sep,Friday,School Holiday Weekday,Bus (Metropolitan),358650
2023,9,Sep,Friday,School Holiday Weekday,Train (Metropolitan),575250
2023,9,Sep,Friday,School Holiday Weekday,Bus (Regional),34300
2023,9,Sep,Friday,School Holiday Weekday,Train (Regional),57650
2023,9,Sep,Friday,School Holiday Weekday,Tram,464150
2023,9,Sep,Monday,Normal Weekday,Bus (Metropolitan),368000
2023,9,Sep,Monday,Normal Weekday,Train (Metropolitan),495900
2023,9,Sep,Monday,Normal Weekday,Bus (Regional),39050
2023,9,Sep,Monday,Normal Weekday,Train (Regional),45750
2023,9,Sep,Monday,Normal Weekday,Tram,373600
2023,9,Sep,Monday,School Holiday Weekday,Bus (Metropolitan),348800
2023,9,Sep,Monday,School Holiday Weekday,Train (Metropolitan),458700
2023,9,Sep,Monday,School Holiday Weekday,Bus (Regional),34800
2023,9,Sep,Monday,School Holiday Weekday,Train (Regional),48500
2023,9,Sep,Monday,School Holiday Weekday,Tram,410000
2023,9,Sep,Saturday,Weekend,Bus (Metropolitan),206100
2023,9,Sep,Saturday,Weekend,Train (Metropolitan),356150
2023,9,Sep,Saturday,Weekend,Bus (Regional),23800
2023,9,Sep,Saturday,Weekend,Train (Regional),31900
2023,9,Sep,Saturday,Weekend,Tram,395400
2023,9,Sep,Sunday,Weekend,Bus (Metropolitan),147750
2023,9,Sep,Sunday,Weekend,Train (Metropolitan),212800
2023,9,Sep,Sunday,Weekend,Bus (Regional),14750
2023,9,Sep,Sunday,Weekend,Train (Regional),21600
2023,9,Sep,Sunday,Weekend,Tram,309450
2023,9,Sep,Thursday,Normal Weekday,Bus (Metropolitan),397650
2023,9,Sep,Thursday,Normal Weekday,Train (Metropolitan),633450
2023,9,Sep,Thursday,Normal Weekday,Bus (Regional),43550
2023,9,Sep,Thursday,Normal Weekday,Train (Regional),56300
2023,9,Sep,Thursday,Normal Weekday,Tram,439500
2023,9,Sep,Thursday,School Holiday Weekday,Bus (Metropolitan),378200
2023,9,Sep,Thursday,School Holiday Weekday,Train (Metropolitan),583850
2023,9,Sep,Thursday,School Holiday Weekday,Bus (Regional),36950
2023,9,Sep,Thursday,School Holiday Weekday,Train (Regional),59950
2023,9,Sep,Thursday,School Holiday Weekday,Tram,475550
2023,9,Sep,Tuesday,Normal Weekday,Bus (Metropolitan),392550
2023,9,Sep,Tuesday,Normal Weekday,Train (Metropolitan),583900
2023,9,Sep,Tuesday,Normal Weekday,Bus (Regional),42400
2023,9,Sep,Tuesday,Normal Weekday,Train (Regional),53050
2023,9,Sep,Tuesday,Normal Weekday,Tram,420050
2023,9,Sep,Tuesday,School Holiday Weekday,Bus (Metropolitan),374000
2023,9,Sep,Tuesday,School Holiday Weekday,Train (Metropolitan),564150
2023,9,Sep,Tuesday,School Holiday Weekday,Bus (Regional),35800
2023,9,Sep,Tuesday,School Holiday Weekday,Train (Regional),57750
2023,9,Sep,Tuesday,School Holiday Weekday,Tram,447900
2023,9,Sep,Wednesday,Normal Weekday,Bus (Metropolitan),404450
2023,9,Sep,Wednesday,Normal Weekday,Train (Metropolitan),583000
2023,9,Sep,Wednesday,Normal Weekday,Bus (Regional),42850
2023,9,Sep,Wednesday,Normal Weekday,Train (Regional),54300
2023,9,Sep,Wednesday,Normal Weekday,Tram,432250
2023,9,Sep,Wednesday,School Holiday Weekday,Bus (Metropolitan),368150
2023,9,Sep,Wednesday,School Holiday Weekday,Train (Metropolitan),557000
2023,9,Sep,Wednesday,School Holiday Weekday,Bus (Regional),34000
2023,9,Sep,Wednesday,School Holiday Weekday,Train (Regional),58600
2023,9,Sep,Wednesday,School Holiday Weekday,Tram,454650
2023,10,Oct,Friday,Normal Weekday,Bus (Metropolitan),388900
2023,10,Oct,Friday,Normal Weekday,Train (Metropolitan),522800
2023,10,Oct,Friday,Normal Weekday,Bus (Regional),41700
2023,10,Oct,Friday,Normal Weekday,Train (Regional),53050
2023,10,Oct,Friday,Normal Weekday,Tram,446350
2023,10,Oct,Monday,Normal Weekday,Bus (Metropolitan),373550
2023,10,Oct,Monday,Normal Weekday,Train (Metropolitan),490300
2023,10,Oct,Monday,Normal Weekday,Bus (Regional),40550
2023,10,Oct,Monday,Normal Weekday,Train (Regional),48650
2023,10,Oct,Monday,Normal Weekday,Tram,390800
2023,10,Oct,Saturday,Weekend,Bus (Metropolitan),206950
2023,10,Oct,Saturday,Weekend,Train (Metropolitan),330350
2023,10,Oct,Saturday,Weekend,Bus (Regional),24600
2023,10,Oct,Saturday,Weekend,Train (Regional),35150
2023,10,Oct,Saturday,Weekend,Tram,399550
2023,10,Oct,Sunday,Weekend,Bus (Metropolitan),137250
2023,10,Oct,Sunday,Weekend,Train (Metropolitan),220000
2023,10,Oct,Sunday,Weekend,Bus (Regional),13400
2023,10,Oct,Sunday,Weekend,Train (Regional),24950
2023,10,Oct,Sunday,Weekend,Tram,271900
2023,10,Oct,Thursday,Normal Weekday,Bus (Metropolitan),394450
2023,10,Oct,Thursday,Normal Weekday,Train (Metropolitan),580900
2023,10,Oct,Thursday,Normal Weekday,Bus (Regional),41100
2023,10,Oct,Thursday,Normal Weekday,Train (Regional),57000
2023,10,Oct,Thursday,Normal Weekday,Tram,452700
2023,10,Oct,Tuesday,Normal Weekday,Bus (Metropolitan),392450
2023,10,Oct,Tuesday,Normal Weekday,Train (Metropolitan),570450
2023,10,Oct,Tuesday,Normal Weekday,Bus (Regional),40950
2023,10,Oct,Tuesday,Normal Weekday,Train (Regional),54500
2023,10,Oct,Tuesday,Normal Weekday,Tram,429350
2023,10,Oct,Wednesday,Normal Weekday,Bus (Metropolitan),401400
2023,10,Oct,Wednesday,Normal Weekday,Train (Metropolitan),583950
2023,10,Oct,Wednesday,Normal Weekday,Bus (Regional),40100
2023,10,Oct,Wednesday,Normal Weekday,Train (Regional),58300
2023,10,Oct,Wednesday,Normal Weekday,Tram,449700
2023,11,Nov,Friday,Normal Weekday,Bus (Metropolitan),391050
2023,11,Nov,Friday,Normal Weekday,Train (Metropolitan),518550
2023,11,Nov,Friday,Normal Weekday,Bus (Regional),41200
2023,11,Nov,Friday,Normal Weekday,Train (Regional),50900
2023,11,Nov,Friday,Normal Weekday,Tram,468150
2023,11,Nov,Monday,Normal Weekday,Bus (Metropolitan),366950
2023,11,Nov,Monday,Normal Weekday,Train (Metropolitan),472500
2023,11,Nov,Monday,Normal Weekday,Bus (Regional),38150
2023,11,Nov,Monday,Normal Weekday,Train (Regional),45650
2023,11,Nov,Monday,Normal Weekday,Tram,415900
2023,11,Nov,Saturday,Weekend,Bus (Metropolitan),213300
2023,11,Nov,Saturday,Weekend,Train (Metropolitan),325050
2023,11,Nov,Saturday,Weekend,Bus (Regional),21650
2023,11,Nov,Saturday,Weekend,Train (Regional),36700
2023,11,Nov,Saturday,Weekend,Tram,358900
2023,11,Nov,Sunday,Weekend,Bus (Metropolitan),149800
2023,11,Nov,Sunday,Weekend,Train (Metropolitan),226750
2023,11,Nov,Sunday,Weekend,Bus (Regional),12950
2023,11,Nov,Sunday,Weekend,Train (Regional),25300
2023,11,Nov,Sunday,Weekend,Tram,260350
2023,11,Nov,Thursday,Normal Weekday,Bus (Metropolitan),411700
2023,11,Nov,Thursday,Normal Weekday,Train (Metropolitan),600950
2023,11,Nov,Thursday,Normal Weekday,Bus (Regional),42750
2023,11,Nov,Thursday,Normal Weekday,Train (Regional),55650
2023,11,Nov,Thursday,Normal Weekday,Tram,491600
2023,11,Nov,Tuesday,Normal Weekday,Bus (Metropolitan),406100
2023,11,Nov,Tuesday,Normal Weekday,Train (Metropolitan),583950
2023,11,Nov,Tuesday,Normal Weekday,Bus (Regional),41400
2023,11,Nov,Tuesday,Normal Weekday,Train (Regional),54450
2023,11,Nov,Tuesday,Normal Weekday,Tram,485650
2023,11,Nov,Wednesday,Normal Weekday,Bus (Metropolitan),392900
2023,11,Nov,Wednesday,Normal Weekday,Train (Metropolitan),558350
2023,11,Nov,Wednesday,Normal Weekday,Bus (Regional),39150
2023,11,Nov,Wednesday,Normal Weekday,Train (Regional),54000
2023,11,Nov,Wednesday,Normal Weekday,Tram,469200
2023,12,Dec,Friday,Normal Weekday,Bus (Metropolitan),375700
2023,12,Dec,Friday,Normal Weekday,Train (Metropolitan),552500
2023,12,Dec,Friday,Normal Weekday,Bus (Regional),39250
2023,12,Dec,Friday,Normal Weekday,Train (Regional),55600
2023,12,Dec,Friday,Normal Weekday,Tram,525000
2023,12,Dec,Friday,School Holiday Weekday,Bus (Metropolitan),279100
2023,12,Dec,Friday,School Holiday Weekday,Train (Metropolitan),406450
2023,12,Dec,Friday,School Holiday Weekday,Bus (Regional),26850
2023,12,Dec,Friday,School Holiday Weekday,Train (Regional),46300
2023,12,Dec,Friday,School Holiday Weekday,Tram,407200
2023,12,Dec,Monday,Normal Weekday,Bus (Metropolitan),353450
2023,12,Dec,Monday,Normal Weekday,Train (Metropolitan),479000
2023,12,Dec,Monday,Normal Weekday,Bus (Regional),36300
2023,12,Dec,Monday,Normal Weekday,Train (Regional),47850
2023,12,Dec,Monday,Normal Weekday,Tram,451400
2023,12,Dec,Saturday,Weekend,Bus (Metropolitan),194900
2023,12,Dec,Saturday,Weekend,Train (Metropolitan),311650
2023,12,Dec,Saturday,Weekend,Bus (Regional),20600
2023,12,Dec,Saturday,Weekend,Train (Regional),34250
2023,12,Dec,Saturday,Weekend,Tram,312550
2023,12,Dec,Sunday,Weekend,Bus (Metropolitan),149650
2023,12,Dec,Sunday,Weekend,Train (Metropolitan),247450
2023,12,Dec,Sunday,Weekend,Bus (Regional),12400
2023,12,Dec,Sunday,Weekend,Train (Regional),26950
2023,12,Dec,Sunday,Weekend,Tram,242350
2023,12,Dec,Thursday,Normal Weekday,Bus (Metropolitan),406250
2023,12,Dec,Thursday,Normal Weekday,Train (Metropolitan),600050
2023,12,Dec,Thursday,Normal Weekday,Bus (Regional),40850
2023,12,Dec,Thursday,Normal Weekday,Train (Regional),57050
2023,12,Dec,Thursday,Normal Weekday,Tram,555950
2023,12,Dec,Thursday,School Holiday Weekday,Bus (Metropolitan),290800
2023,12,Dec,Thursday,School Holiday Weekday,Train (Metropolitan),440950
2023,12,Dec,Thursday,School Holiday Weekday,Bus (Regional),29500
2023,12,Dec,Thursday,School Holiday Weekday,Train (Regional),50550
2023,12,Dec,Thursday,School Holiday Weekday,Tram,416250
2023,12,Dec,Tuesday,Normal Weekday,Bus (Metropolitan),380200
2023,12,Dec,Tuesday,Normal Weekday,Train (Metropolitan),560350
2023,12,Dec,Tuesday,Normal Weekday,Bus (Regional),37000
2023,12,Dec,Tuesday,Normal Weekday,Train (Regional),54400
2023,12,Dec,Tuesday,Normal Weekday,Tram,512950
2023,12,Dec,Wednesday,Normal Weekday,Bus (Metropolitan),381900
2023,12,Dec,Wednesday,Normal Weekday,Train (Metropolitan),575450
2023,12,Dec,Wednesday,Normal Weekday,Bus (Regional),36850
2023,12,Dec,Wednesday,Normal Weekday,Train (Regional),47900
2023,12,Dec,Wednesday,Normal Weekday,Tram,525200
2023,12,Dec,Wednesday,School Holiday Weekday,Bus (Metropolitan),225250
2023,12,Dec,Wednesday,School Holiday Weekday,Train (Metropolitan),334400
2023,12,Dec,Wednesday,School Holiday Weekday,Bus (Regional),21450
2023,12,Dec,Wednesday,School Holiday Weekday,Train (Regional),44200
2023,12,Dec,Wednesday,School Holiday Weekday,Tram,336200
2024,1,Jan,Friday,School Holiday Weekday,Bus (Metropolitan),301800
2024,1,Jan,Friday,School Holiday Weekday,Train (Metropolitan),416500
2024,1,Jan,Friday,School Holiday Weekday,Bus (Regional),28100
2024,1,Jan,Friday,School Holiday Weekday,Train (Regional),47600
2024,1,Jan,Friday,School Holiday Weekday,Tram,420900
2024,1,Jan,Monday,School Holiday Weekday,Bus (Metropolitan),310150
2024,1,Jan,Monday,School Holiday Weekday,Train (Metropolitan),447950
2024,1,Jan,Monday,School Holiday Weekday,Bus (Regional),26800
2024,1,Jan,Monday,School Holiday Weekday,Train (Regional),49000
2024,1,Jan,Monday,School Holiday Weekday,Tram,414600
2024,1,Jan,Saturday,Weekend,Bus (Metropolitan),205750
2024,1,Jan,Saturday,Weekend,Train (Metropolitan),318550
2024,1,Jan,Saturday,Weekend,Bus (Regional),20500
2024,1,Jan,Saturday,Weekend,Train (Regional),36200
2024,1,Jan,Saturday,Weekend,Tram,332600
2024,1,Jan,Sunday,Weekend,Bus (Metropolitan),139500
2024,1,Jan,Sunday,Weekend,Train (Metropolitan),249650
2024,1,Jan,Sunday,Weekend,Bus (Regional),11500
2024,1,Jan,Sunday,Weekend,Train (Regional),26350
2024,1,Jan,Sunday,Weekend,Tram,242700
2024,1,Jan,Thursday,School Holiday Weekday,Bus (Metropolitan),328200
2024,1,Jan,Thursday,School Holiday Weekday,Train (Metropolitan),492750
2024,1,Jan,Thursday,School Holiday Weekday,Bus (Regional),28900
2024,1,Jan,Thursday,School Holiday Weekday,Train (Regional),49550
2024,1,Jan,Thursday,School Holiday Weekday,Tram,447950
2024,1,Jan,Tuesday,Normal Weekday,Bus (Metropolitan),388550
2024,1,Jan,Tuesday,Normal Weekday,Train (Metropolitan),550550
2024,1,Jan,Tuesday,Normal Weekday,Bus (Regional),31500
2024,1,Jan,Tuesday,Normal Weekday,Train (Regional),55600
2024,1,Jan,Tuesday,Normal Weekday,Tram,480200
2024,1,Jan,Tuesday,School Holiday Weekday,Bus (Metropolitan),310450
2024,1,Jan,Tuesday,School Holiday Weekday,Train (Metropolitan),476800
2024,1,Jan,Tuesday,School Holiday Weekday,Bus (Regional),27050
2024,1,Jan,Tuesday,School Holiday Weekday,Train (Regional),51800
2024,1,Jan,Tuesday,School Holiday Weekday,Tram,421150
2024,1,Jan,Wednesday,Normal Weekday,Bus (Metropolitan),401700
2024,1,Jan,Wednesday,Normal Weekday,Train (Metropolitan),538650
2024,1,Jan,Wednesday,Normal Weekday,Bus (Regional),33650
2024,1,Jan,Wednesday,Normal Weekday,Train (Regional),56450
2024,1,Jan,Wednesday,Normal Weekday,Tram,500800
2024,1,Jan,Wednesday,School Holiday Weekday,Bus (Metropolitan),302050
2024,1,Jan,Wednesday,School Holiday Weekday,Train (Metropolitan),463800
2024,1,Jan,Wednesday,School Holiday Weekday,Bus (Regional),25900
2024,1,Jan,Wednesday,School Holiday Weekday,Train (Regional),52450
2024,1,Jan,Wednesday,School Holiday Weekday,Tram,421200
2024,2,Feb,Friday,Normal Weekday,Bus (Metropolitan),404350
2024,2,Feb,Friday,Normal Weekday,Train (Metropolitan),559400
2024,2,Feb,Friday,Normal Weekday,Bus (Regional),38450
2024,2,Feb,Friday,Normal Weekday,Train (Regional),49000
2024,2,Feb,Friday,Normal Weekday,Tram,498700
2024,2,Feb,Monday,Normal Weekday,Bus (Metropolitan),413700
2024,2,Feb,Monday,Normal Weekday,Train (Metropolitan),538500
2024,2,Feb,Monday,Normal Weekday,Bus (Regional),37400
2024,2,Feb,Monday,Normal Weekday,Train (Regional),42700
2024,2,Feb,Monday,Normal Weekday,Tram,461350
2024,2,Feb,Saturday,Weekend,Bus (Metropolitan),228700
2024,2,Feb,Saturday,Weekend,Train (Metropolitan),385450
2024,2,Feb,Saturday,Weekend,Bus (Regional),19400
2024,2,Feb,Saturday,Weekend,Train (Regional),37600
2024,2,Feb,Saturday,Weekend,Tram,428350
2024,2,Feb,Sunday,Weekend,Bus (Metropolitan),157050
2024,2,Feb,Sunday,Weekend,Train (Metropolitan),275700
2024,2,Feb,Sunday,Weekend,Bus (Regional),11550
2024,2,Feb,Sunday,Weekend,Train (Regional),26700
2024,2,Feb,Sunday,Weekend,Tram,304600
2024,2,Feb,Thursday,Normal Weekday,Bus (Metropolitan),432150
2024,2,Feb,Thursday,Normal Weekday,Train (Metropolitan),610500
2024,2,Feb,Thursday,Normal Weekday,Bus (Regional),38800
2024,2,Feb,Thursday,Normal Weekday,Train (Regional),57700
2024,2,Feb,Thursday,Normal Weekday,Tram,515150
2024,2,Feb,Tuesday,Normal Weekday,Bus (Metropolitan),435650
2024,2,Feb,Tuesday,Normal Weekday,Train (Metropolitan),621100
2024,2,Feb,Tuesday,Normal Weekday,Bus (Regional),38250
2024,2,Feb,Tuesday,Normal Weekday,Train (Regional),58650
2024,2,Feb,Tuesday,Normal Weekday,Tram,505750
2024,2,Feb,Wednesday,Normal Weekday,Bus (Metropolitan),430800
2024,2,Feb,Wednesday,Normal Weekday,Train (Metropolitan),625450
2024,2,Feb,Wednesday,Normal Weekday,Bus (Regional),38400
2024,2,Feb,Wednesday,Normal Weekday,Train (Regional),59050
2024,2,Feb,Wednesday,Normal Weekday,Tram,514100
2024,3,Mar,Friday,Normal Weekday,Bus (Metropolitan),429300
2024,3,Mar,Friday,Normal Weekday,Train (Metropolitan),619650
2024,3,Mar,Friday,Normal Weekday,Bus (Regional),41350
2024,3,Mar,Friday,Normal Weekday,Train (Regional),47700
2024,3,Mar,Friday,Normal Weekday,Tram,545000
2024,3,Mar,Monday,Normal Weekday,Bus (Metropolitan),430500
2024,3,Mar,Monday,Normal Weekday,Train (Metropolitan),595550
2024,3,Mar,Monday,Normal Weekday,Bus (Regional),41400
2024,3,Mar,Monday,Normal Weekday,Train (Regional),57300
2024,3,Mar,Monday,Normal Weekday,Tram,516850
2024,3,Mar,Saturday,Weekend,Bus (Metropolitan),234350
2024,3,Mar,Saturday,Weekend,Train (Metropolitan),373450
2024,3,Mar,Saturday,Weekend,Bus (Regional),17850
2024,3,Mar,Saturday,Weekend,Train (Regional),40350
2024,3,Mar,Saturday,Weekend,Tram,421900
2024,3,Mar,Sunday,Weekend,Bus (Metropolitan),160850
2024,3,Mar,Sunday,Weekend,Train (Metropolitan),278600
2024,3,Mar,Sunday,Weekend,Bus (Regional),11200
2024,3,Mar,Sunday,Weekend,Train (Regional),29500
2024,3,Mar,Sunday,Weekend,Tram,304000
2024,3,Mar,Thursday,Normal Weekday,Bus (Metropolitan),455750
2024,3,Mar,Thursday,Normal Weekday,Train (Metropolitan),719500
2024,3,Mar,Thursday,Normal Weekday,Bus (Regional),43850
2024,3,Mar,Thursday,Normal Weekday,Train (Regional),66850
2024,3,Mar,Thursday,Normal Weekday,Tram,572350
2024,3,Mar,Tuesday,Normal Weekday,Bus (Metropolitan),446350
2024,3,Mar,Tuesday,Normal Weekday,Train (Metropolitan),685350
2024,3,Mar,Tuesday,Normal Weekday,Bus (Regional),43050
2024,3,Mar,Tuesday,Normal Weekday,Train (Regional),68300
2024,3,Mar,Tuesday,Normal Weekday,Tram,564500
2024,3,Mar,Wednesday,Normal Weekday,Bus (Metropolitan),448250
2024,3,Mar,Wednesday,Normal Weekday,Train (Metropolitan),683550
2024,3,Mar,Wednesday,Normal Weekday,Bus (Regional),43400
2024,3,Mar,Wednesday,Normal Weekday,Train (Regional),68300
2024,3,Mar,Wednesday,Normal Weekday,Tram,582900
2024,4,Apr,Friday,Normal Weekday,Bus (Metropolitan),364550
2024,4,Apr,Friday,Normal Weekday,Train (Metropolitan),535250
2024,4,Apr,Friday,Normal Weekday,Bus (Regional),39950
2024,4,Apr,Friday,Normal Weekday,Train (Regional),53150
2024,4,Apr,Friday,Normal Weekday,Tram,512800
2024,4,Apr,Friday,School Holiday Weekday,Bus (Metropolitan),347100
2024,4,Apr,Friday,School Holiday Weekday,Train (Metropolitan),567450
2024,4,Apr,Friday,School Holiday Weekday,Bus (Regional),36300
2024,4,Apr,Friday,School Holiday Weekday,Train (Regional),63600
2024,4,Apr,Friday,School Holiday Weekday,Tram,533100
2024,4,Apr,Monday,Normal Weekday,Bus (Metropolitan),382800
2024,4,Apr,Monday,Normal Weekday,Train (Metropolitan),566800
2024,4,Apr,Monday,Normal Weekday,Bus (Regional),40950
2024,4,Apr,Monday,Normal Weekday,Train (Regional),56450
2024,4,Apr,Monday,Normal Weekday,Tram,475750
2024,4,Apr,Monday,School Holiday Weekday,Bus (Metropolitan),354900
2024,4,Apr,Monday,School Holiday Weekday,Train (Metropolitan),547950
2024,4,Apr,Monday,School Holiday Weekday,Bus (Regional),35200
2024,4,Apr,Monday,School Holiday Weekday,Train (Regional),60550
2024,4,Apr,Monday,School Holiday Weekday,Tram,497250
2024,4,Apr,Saturday,Weekend,Bus (Metropolitan),225550
2024,4,Apr,Saturday,Weekend,Train (Metropolitan),382700
2024,4,Apr,Saturday,Weekend,Bus (Regional),18000
2024,4,Apr,Saturday,Weekend,Train (Regional),41000
2024,4,Apr,Saturday,Weekend,Tram,479500
2024,4,Apr,Sunday,Weekend,Bus (Metropolitan),152650
2024,4,Apr,Sunday,Weekend,Train (Metropolitan),245700
2024,4,Apr,Sunday,Weekend,Bus (Regional),10800
2024,4,Apr,Sunday,Weekend,Train (Regional),28350
2024,4,Apr,Sunday,Weekend,Tram,333700
2024,4,Apr,Thursday,Normal Weekday,Bus (Metropolitan),407950
2024,4,Apr,Thursday,Normal Weekday,Train (Metropolitan),693100
2024,4,Apr,Thursday,Normal Weekday,Bus (Regional),43000
2024,4,Apr,Thursday,Normal Weekday,Train (Regional),62300
2024,4,Apr,Thursday,Normal Weekday,Tram,552900
2024,4,Apr,Thursday,School Holiday Weekday,Bus (Metropolitan),375550
2024,4,Apr,Thursday,School Holiday Weekday,Train (Metropolitan),640300
2024,4,Apr,Thursday,School Holiday Weekday,Bus (Regional),37650
2024,4,Apr,Thursday,School Holiday Weekday,Train (Regional),66300
2024,4,Apr,Thursday,School Holiday Weekday,Tram,558550
2024,4,Apr,Tuesday,Normal Weekday,Bus (Metropolitan),410150
2024,4,Apr,Tuesday,Normal Weekday,Train (Metropolitan),662850
2024,4,Apr,Tuesday,Normal Weekday,Bus (Regional),42200
2024,4,Apr,Tuesday,Normal Weekday,Train (Regional),63000
2024,4,Apr,Tuesday,Normal Weekday,Tram,532300
2024,4,Apr,Tuesday,School Holiday Weekday,Bus (Metropolitan),333500
2024,4,Apr,Tuesday,School Holiday Weekday,Train (Metropolitan),551450
2024,4,Apr,Tuesday,School Holiday Weekday,Bus (Regional),33350
2024,4,Apr,Tuesday,School Holiday Weekday,Train (Regional),60150
2024,4,Apr,Tuesday,School Holiday Weekday,Tram,498300
2024,4,Apr,Wednesday,Normal Weekday,Bus (Metropolitan),406900
2024,4,Apr,Wednesday,Normal Weekday,Train (Metropolitan),691700
2024,4,Apr,Wednesday,Normal Weekday,Bus (Regional),44300
2024,4,Apr,Wednesday,Normal Weekday,Train (Regional),65600
2024,4,Apr,Wednesday,Normal Weekday,Tram,554300
2024,4,Apr,Wednesday,School Holiday Weekday,Bus (Metropolitan),356300
2024,4,Apr,Wednesday,School Holiday Weekday,Train (Metropolitan),585350
2024,4,Apr,Wednesday,School Holiday Weekday,Bus (Regional),35700
2024,4,Apr,Wednesday,School Holiday Weekday,Train (Regional),63500
2024,4,Apr,Wednesday,School Holiday Weekday,Tram,542050
2024,5,May,Friday,Normal Weekday,Bus (Metropolitan),360800
2024,5,May,Friday,Normal Weekday,Train (Metropolitan),572100
2024,5,May,Friday,Normal Weekday,Bus (Regional),40400
2024,5,May,Friday,Normal Weekday,Train (Regional),57300
2024,5,May,Friday,Normal Weekday,Tram,481350
2024,5,May,Monday,Normal Weekday,Bus (Metropolitan),365150
2024,5,May,Monday,Normal Weekday,Train (Metropolitan),533700
2024,5,May,Monday,Normal Weekday,Bus (Regional),39150
2024,5,May,Monday,Normal Weekday,Train (Regional),52650
2024,5,May,Monday,Normal Weekday,Tram,439300
2024,5,May,Saturday,Weekend,Bus (Metropolitan),222700
2024,5,May,Saturday,Weekend,Train (Metropolitan),365900
2024,5,May,Saturday,Weekend,Bus (Regional),17350
2024,5,May,Saturday,Weekend,Train (Regional),42050
2024,5,May,Saturday,Weekend,Tram,400800
2024,5,May,Sunday,Weekend,Bus (Metropolitan),148000
2024,5,May,Sunday,Weekend,Train (Metropolitan),253350
2024,5,May,Sunday,Weekend,Bus (Regional),10200
2024,5,May,Sunday,Weekend,Train (Regional),32350
2024,5,May,Sunday,Weekend,Tram,278300
2024,5,May,Thursday,Normal Weekday,Bus (Metropolitan),390200
2024,5,May,Thursday,Normal Weekday,Train (Metropolitan),642700
2024,5,May,Thursday,Normal Weekday,Bus (Regional),42450
2024,5,May,Thursday,Normal Weekday,Train (Regional),62100
2024,5,May,Thursday,Normal Weekday,Tram,508300
2024,5,May,Tuesday,Normal Weekday,Bus (Metropolitan),392100
2024,5,May,Tuesday,Normal Weekday,Train (Metropolitan),622600
2024,5,May,Tuesday,Normal Weekday,Bus (Regional),41550
2024,5,May,Tuesday,Normal Weekday,Train (Regional),60750
2024,5,May,Tuesday,Normal Weekday,Tram,487500
2024,5,May,Wednesday,Normal Weekday,Bus (Metropolitan),397950
2024,5,May,Wednesday,Normal Weekday,Train (Metropolitan),641150
2024,5,May,Wednesday,Normal Weekday,Bus (Regional),42700
2024,5,May,Wednesday,Normal Weekday,Train (Regional),62550
2024,5,May,Wednesday,Normal Weekday,Tram,508550
2024,6,Jun,Friday,Normal Weekday,Bus (Metropolitan),354100
2024,6,Jun,Friday,Normal Weekday,Train (Metropolitan),527550
2024,6,Jun,Friday,Normal Weekday,Bus (Regional),37400
2024,6,Jun,Friday,Normal Weekday,Train (Regional),55650
2024,6,Jun,Friday,Normal Weekday,Tram,442750
2024,6,Jun,Monday,Normal Weekday,Bus (Metropolitan),347300
2024,6,Jun,Monday,Normal Weekday,Train (Metropolitan),500200
2024,6,Jun,Monday,Normal Weekday,Bus (Regional),37350
2024,6,Jun,Monday,Normal Weekday,Train (Regional),51500
2024,6,Jun,Monday,Normal Weekday,Tram,403150
2024,6,Jun,Saturday,Weekend,Bus (Metropolitan),199950
2024,6,Jun,Saturday,Weekend,Train (Metropolitan),338500
2024,6,Jun,Saturday,Weekend,Bus (Regional),16450
2024,6,Jun,Saturday,Weekend,Train (Regional),38500
2024,6,Jun,Saturday,Weekend,Tram,349950
2024,6,Jun,Sunday,Weekend,Bus (Metropolitan),139300
2024,6,Jun,Sunday,Weekend,Train (Metropolitan),258350
2024,6,Jun,Sunday,Weekend,Bus (Regional),10300
2024,6,Jun,Sunday,Weekend,Train (Regional),30450
2024,6,Jun,Sunday,Weekend,Tram,246350
2024,6,Jun,Thursday,Normal Weekday,Bus (Metropolitan),374500
2024,6,Jun,Thursday,Normal Weekday,Train (Metropolitan),573850
2024,6,Jun,Thursday,Normal Weekday,Bus (Regional),39600
2024,6,Jun,Thursday,Normal Weekday,Train (Regional),57650
2024,6,Jun,Thursday,Normal Weekday,Tram,463500
2024,6,Jun,Tuesday,Normal Weekday,Bus (Metropolitan),360200
2024,6,Jun,Tuesday,Normal Weekday,Train (Metropolitan),564000
2024,6,Jun,Tuesday,Normal Weekday,Bus (Regional),37000
2024,6,Jun,Tuesday,Normal Weekday,Train (Regional),56550
2024,6,Jun,Tuesday,Normal Weekday,Tram,443050
2024,6,Jun,Wednesday,Normal Weekday,Bus (Metropolitan),369300
2024,6,Jun,Wednesday,Normal Weekday,Train (Metropolitan),582150
2024,6,Jun,Wednesday,Normal Weekday,Bus (Regional),38750
2024,6,Jun,Wednesday,Normal Weekday,Train (Regional),60550
2024,6,Jun,Wednesday,Normal Weekday,Tram,459900
2024,7,Jul,Friday,Normal Weekday,Bus (Metropolitan),384550
2024,7,Jul,Friday,Normal Weekday,Train (Metropolitan),548450
2024,7,Jul,Friday,Normal Weekday,Bus (Regional),39250
2024,7,Jul,Friday,Normal Weekday,Train (Regional),58700
2024,7,Jul,Friday,Normal Weekday,Tram,481800
2024,7,Jul,Friday,School Holiday Weekday,Bus (Metropolitan),319700
2024,7,Jul,Friday,School Holiday Weekday,Train (Metropolitan),553500
2024,7,Jul,Friday,School Holiday Weekday,Bus (Regional),33000
2024,7,Jul,Friday,School Holiday Weekday,Train (Regional),62250
2024,7,Jul,Friday,School Holiday Weekday,Tram,446950
2024,7,Jul,Monday,Normal Weekday,Bus (Metropolitan),374200
2024,7,Jul,Monday,Normal Weekday,Train (Metropolitan),516200
2024,7,Jul,Monday,Normal Weekday,Bus (Regional),37650
2024,7,Jul,Monday,Normal Weekday,Train (Regional),52450
2024,7,Jul,Monday,Normal Weekday,Tram,432400
2024,7,Jul,Monday,School Holiday Weekday,Bus (Metropolitan),320350
2024,7,Jul,Monday,School Holiday Weekday,Train (Metropolitan),464650
2024,7,Jul,Monday,School Holiday Weekday,Bus (Regional),31600
2024,7,Jul,Monday,School Holiday Weekday,Train (Regional),49800
2024,7,Jul,Monday,School Holiday Weekday,Tram,394500
2024,7,Jul,Saturday,Weekend,Bus (Metropolitan),190350
2024,7,Jul,Saturday,Weekend,Train (Metropolitan),336100
2024,7,Jul,Saturday,Weekend,Bus (Regional),16750
2024,7,Jul,Saturday,Weekend,Train (Regional),41350
2024,7,Jul,Saturday,Weekend,Tram,350900
2024,7,Jul,Sunday,Weekend,Bus (Metropolitan),142300
2024,7,Jul,Sunday,Weekend,Train (Metropolitan),255050
2024,7,Jul,Sunday,Weekend,Bus (Regional),10300
2024,7,Jul,Sunday,Weekend,Train (Regional),30100
2024,7,Jul,Sunday,Weekend,Tram,251600
2024,7,Jul,Thursday,Normal Weekday,Bus (Metropolitan),400350
2024,7,Jul,Thursday,Normal Weekday,Train (Metropolitan),597250
2024,7,Jul,Thursday,Normal Weekday,Bus (Regional),40000
2024,7,Jul,Thursday,Normal Weekday,Train (Regional),61250
2024,7,Jul,Thursday,Normal Weekday,Tram,502600
2024,7,Jul,Thursday,School Holiday Weekday,Bus (Metropolitan),339400
2024,7,Jul,Thursday,School Holiday Weekday,Train (Metropolitan),550100
2024,7,Jul,Thursday,School Holiday Weekday,Bus (Regional),33200
2024,7,Jul,Thursday,School Holiday Weekday,Train (Regional),62050
2024,7,Jul,Thursday,School Holiday Weekday,Tram,455200
2024,7,Jul,Tuesday,Normal Weekday,Bus (Metropolitan),417900
2024,7,Jul,Tuesday,Normal Weekday,Train (Metropolitan),607100
2024,7,Jul,Tuesday,Normal Weekday,Bus (Regional),39950
2024,7,Jul,Tuesday,Normal Weekday,Train (Regional),58050
2024,7,Jul,Tuesday,Normal Weekday,Tram,490650
2024,7,Jul,Tuesday,School Holiday Weekday,Bus (Metropolitan),319000
2024,7,Jul,Tuesday,School Holiday Weekday,Train (Metropolitan),526150
2024,7,Jul,Tuesday,School Holiday Weekday,Bus (Regional),30750
2024,7,Jul,Tuesday,School Holiday Weekday,Train (Regional),57450
2024,7,Jul,Tuesday,School Holiday Weekday,Tram,421200
2024,7,Jul,Wednesday,Normal Weekday,Bus (Metropolitan),418650
2024,7,Jul,Wednesday,Normal Weekday,Train (Metropolitan),608000
2024,7,Jul,Wednesday,Normal Weekday,Bus (Regional),41550
2024,7,Jul,Wednesday,Normal Weekday,Train (Regional),61900
2024,7,Jul,Wednesday,Normal Weekday,Tram,503900
2024,7,Jul,Wednesday,School Holiday Weekday,Bus (Metropolitan),350100
2024,7,Jul,Wednesday,School Holiday Weekday,Train (Metropolitan),552850
2024,7,Jul,Wednesday,School Holiday Weekday,Bus (Regional),36000
2024,7,Jul,Wednesday,School Holiday Weekday,Train (Regional),62050
2024,7,Jul,Wednesday,School Holiday Weekday,Tram,462200
2024,8,Aug,Friday,Normal Weekday,Bus (Metropolitan),393400
2024,8,Aug,Friday,Normal Weekday,Train (Metropolitan),571750
2024,8,Aug,Friday,Normal Weekday,Bus (Regional),38300
2024,8,Aug,Friday,Normal Weekday,Train (Regional),57700
2024,8,Aug,Friday,Normal Weekday,Tram,484100
2024,8,Aug,Monday,Normal Weekday,Bus (Metropolitan),400700
2024,8,Aug,Monday,Normal Weekday,Train (Metropolitan),557450
2024,8,Aug,Monday,Normal Weekday,Bus (Regional),38300
2024,8,Aug,Monday,Normal Weekday,Train (Regional),54750
2024,8,Aug,Monday,Normal Weekday,Tram,450200
2024,8,Aug,Saturday,Weekend,Bus (Metropolitan),206050
2024,8,Aug,Saturday,Weekend,Train (Metropolitan),362500
2024,8,Aug,Saturday,Weekend,Bus (Regional),18150
2024,8,Aug,Saturday,Weekend,Train (Regional),41200
2024,8,Aug,Saturday,Weekend,Tram,373200
2024,8,Aug,Sunday,Weekend,Bus (Metropolitan),147250
2024,8,Aug,Sunday,Weekend,Train (Metropolitan),305700
2024,8,Aug,Sunday,Weekend,Bus (Regional),11200
2024,8,Aug,Sunday,Weekend,Train (Regional),33300
2024,8,Aug,Sunday,Weekend,Tram,276250
2024,8,Aug,Thursday,Normal Weekday,Bus (Metropolitan),431250
2024,8,Aug,Thursday,Normal Weekday,Train (Metropolitan),638550
2024,8,Aug,Thursday,Normal Weekday,Bus (Regional),41100
2024,8,Aug,Thursday,Normal Weekday,Train (Regional),62300
2024,8,Aug,Thursday,Normal Weekday,Tram,507150
2024,8,Aug,Tuesday,Normal Weekday,Bus (Metropolitan),423950
2024,8,Aug,Tuesday,Normal Weekday,Train (Metropolitan),645200
2024,8,Aug,Tuesday,Normal Weekday,Bus (Regional),39200
2024,8,Aug,Tuesday,Normal Weekday,Train (Regional),63100
2024,8,Aug,Tuesday,Normal Weekday,Tram,494950
2024,8,Aug,Wednesday,Normal Weekday,Bus (Metropolitan),424100
2024,8,Aug,Wednesday,Normal Weekday,Train (Metropolitan),638350
2024,8,Aug,Wednesday,Normal Weekday,Bus (Regional),39800
2024,8,Aug,Wednesday,Normal Weekday,Train (Regional),62900
2024,8,Aug,Wednesday,Normal Weekday,Tram,501750
2024,9,Sep,Friday,Normal Weekday,Bus (Metropolitan),371750
2024,9,Sep,Friday,Normal Weekday,Train (Metropolitan),573200
2024,9,Sep,Friday,Normal Weekday,Bus (Regional),33700
2024,9,Sep,Friday,Normal Weekday,Train (Regional),58600
2024,9,Sep,Friday,Normal Weekday,Tram,438800
2024,9,Sep,Monday,Normal Weekday,Bus (Metropolitan),362850
2024,9,Sep,Monday,Normal Weekday,Train (Metropolitan),511150
2024,9,Sep,Monday,Normal Weekday,Bus (Regional),31500
2024,9,Sep,Monday,Normal Weekday,Train (Regional),52650
2024,9,Sep,Monday,Normal Weekday,Tram,394900
2024,9,Sep,Monday,School Holiday Weekday,Bus (Metropolitan),350050
2024,9,Sep,Monday,School Holiday Weekday,Train (Metropolitan),522100
2024,9,Sep,Monday,School Holiday Weekday,Bus (Regional),30500
2024,9,Sep,Monday,School Holiday Weekday,Train (Regional),58550
2024,9,Sep,Monday,School Holiday Weekday,Tram,440850
2024,9,Sep,Saturday,Weekend,Bus (Metropolitan),190300
2024,9,Sep,Saturday,Weekend,Train (Metropolitan),364600
2024,9,Sep,Saturday,Weekend,Bus (Regional),17750
2024,9,Sep,Saturday,Weekend,Train (Regional),40550
2024,9,Sep,Saturday,Weekend,Tram,323300
2024,9,Sep,Sunday,Weekend,Bus (Metropolitan),130400
2024,9,Sep,Sunday,Weekend,Train (Metropolitan),211450
2024,9,Sep,Sunday,Weekend,Bus (Regional),10650
2024,9,Sep,Sunday,Weekend,Train (Regional),25950
2024,9,Sep,Sunday,Weekend,Tram,220750
2024,9,Sep,Thursday,Normal Weekday,Bus (Metropolitan),398150
2024,9,Sep,Thursday,Normal Weekday,Train (Metropolitan),622550
2024,9,Sep,Thursday,Normal Weekday,Bus (Regional),37000
2024,9,Sep,Thursday,Normal Weekday,Train (Regional),63800
2024,9,Sep,Thursday,Normal Weekday,Tram,453750
2024,9,Sep,Thursday,School Holiday Weekday,Bus (Metropolitan),365050
2024,9,Sep,Thursday,School Holiday Weekday,Train (Metropolitan),606350
2024,9,Sep,Thursday,School Holiday Weekday,Bus (Regional),33300
2024,9,Sep,Thursday,School Holiday Weekday,Train (Regional),68900
2024,9,Sep,Thursday,School Holiday Weekday,Tram,507000
2024,9,Sep,Tuesday,Normal Weekday,Bus (Metropolitan),413500
2024,9,Sep,Tuesday,Normal Weekday,Train (Metropolitan),632950
2024,9,Sep,Tuesday,Normal Weekday,Bus (Regional),37050
2024,9,Sep,Tuesday,Normal Weekday,Train (Regional),63700
2024,9,Sep,Tuesday,Normal Weekday,Tram,469750
2024,9,Sep,Tuesday,School Holiday Weekday,Bus (Metropolitan),373000
2024,9,Sep,Tuesday,School Holiday Weekday,Train (Metropolitan),600700
2024,9,Sep,Tuesday,School Holiday Weekday,Bus (Regional),31200
2024,9,Sep,Tuesday,School Holiday Weekday,Train (Regional),68300
2024,9,Sep,Tuesday,School Holiday Weekday,Tram,503000
2024,9,Sep,Wednesday,Normal Weekday,Bus (Metropolitan),404300
2024,9,Sep,Wednesday,Normal Weekday,Train (Metropolitan),621600
2024,9,Sep,Wednesday,Normal Weekday,Bus (Regional),38300
2024,9,Sep,Wednesday,Normal Weekday,Train (Regional),63400
2024,9,Sep,Wednesday,Normal Weekday,Tram,451150
2024,9,Sep,Wednesday,School Holiday Weekday,Bus (Metropolitan),311700
2024,9,Sep,Wednesday,School Holiday Weekday,Train (Metropolitan),550200
2024,9,Sep,Wednesday,School Holiday Weekday,Bus (Regional),27750
2024,9,Sep,Wednesday,School Holiday Weekday,Train (Regional),62700
2024,9,Sep,Wednesday,School Holiday Weekday,Tram,463650
2024,10,Oct,Friday,Normal Weekday,Bus (Metropolitan),370700
2024,10,Oct,Friday,Normal Weekday,Train (Metropolitan),524000
2024,10,Oct,Friday,Normal Weekday,Bus (Regional),35100
2024,10,Oct,Friday,Normal Weekday,Train (Regional),59600
2024,10,Oct,Friday,Normal Weekday,Tram,499750
2024,10,Oct,Friday,School Holiday Weekday,Bus (Metropolitan),347400
2024,10,Oct,Friday,School Holiday Weekday,Train (Metropolitan),534750
2024,10,Oct,Friday,School Holiday Weekday,Bus (Regional),30200
2024,10,Oct,Friday,School Holiday Weekday,Train (Regional),60500
2024,10,Oct,Friday,School Holiday Weekday,Tram,470900
2024,10,Oct,Monday,Normal Weekday,Bus (Metropolitan),383400
2024,10,Oct,Monday,Normal Weekday,Train (Metropolitan),526050
2024,10,Oct,Monday,Normal Weekday,Bus (Regional),35300
2024,10,Oct,Monday,Normal Weekday,Train (Regional),56850
2024,10,Oct,Monday,Normal Weekday,Tram,472350
2024,10,Oct,Saturday,Weekend,Bus (Metropolitan),205500
2024,10,Oct,Saturday,Weekend,Train (Metropolitan),350200
2024,10,Oct,Saturday,Weekend,Bus (Regional),20000
2024,10,Oct,Saturday,Weekend,Train (Regional),42250
2024,10,Oct,Saturday,Weekend,Tram,401650
2024,10,Oct,Sunday,Weekend,Bus (Metropolitan),142000
2024,10,Oct,Sunday,Weekend,Train (Metropolitan),248650
2024,10,Oct,Sunday,Weekend,Bus (Regional),12400
2024,10,Oct,Sunday,Weekend,Train (Regional),32050
2024,10,Oct,Sunday,Weekend,Tram,274150
2024,10,Oct,Thursday,Normal Weekday,Bus (Metropolitan),415000
2024,10,Oct,Thursday,Normal Weekday,Train (Metropolitan),630200
2024,10,Oct,Thursday,Normal Weekday,Bus (Regional),38400
2024,10,Oct,Thursday,Normal Weekday,Train (Regional),67000
2024,10,Oct,Thursday,Normal Weekday,Tram,542150
2024,10,Oct,Thursday,School Holiday Weekday,Bus (Metropolitan),396900
2024,10,Oct,Thursday,School Holiday Weekday,Train (Metropolitan),659050
2024,10,Oct,Thursday,School Holiday Weekday,Bus (Regional),33350
2024,10,Oct,Thursday,School Holiday Weekday,Train (Regional),73700
2024,10,Oct,Thursday,School Holiday Weekday,Tram,523500
2024,10,Oct,Tuesday,Normal Weekday,Bus (Metropolitan),417100
2024,10,Oct,Tuesday,Normal Weekday,Train (Metropolitan),627500
2024,10,Oct,Tuesday,Normal Weekday,Bus (Regional),37850
2024,10,Oct,Tuesday,Normal Weekday,Train (Regional),66750
2024,10,Oct,Tuesday,Normal Weekday,Tram,530200
2024,10,Oct,Tuesday,School Holiday Weekday,Bus (Metropolitan),382450
2024,10,Oct,Tuesday,School Holiday Weekday,Train (Metropolitan),631350
2024,10,Oct,Tuesday,School Holiday Weekday,Bus (Regional),30250
2024,10,Oct,Tuesday,School Holiday Weekday,Train (Regional),65850
2024,10,Oct,Tuesday,School Holiday Weekday,Tram,489550
2024,10,Oct,Wednesday,Normal Weekday,Bus (Metropolitan),419200
2024,10,Oct,Wednesday,Normal Weekday,Train (Metropolitan),640100
2024,10,Oct,Wednesday,Normal Weekday,Bus (Regional),36550
2024,10,Oct,Wednesday,Normal Weekday,Train (Regional),70050
2024,10,Oct,Wednesday,Normal Weekday,Tram,550400
2024,10,Oct,Wednesday,School Holiday Weekday,Bus (Metropolitan),387650
2024,10,Oct,Wednesday,School Holiday Weekday,Train (Metropolitan),639750
2024,10,Oct,Wednesday,School Holiday Weekday,Bus (Regional),32800
2024,10,Oct,Wednesday,School Holiday Weekday,Train (Regional),69950
2024,10,Oct,Wednesday,School Holiday Weekday,Tram,508650
2024,11,Nov,Friday,Normal Weekday,Bus (Metropolitan),376300
2024,11,Nov,Friday,Normal Weekday,Train (Metropolitan),535300
2024,11,Nov,Friday,Normal Weekday,Bus (Regional),30800
2024,11,Nov,Friday,Normal Weekday,Train (Regional),60350
2024,11,Nov,Friday,Normal Weekday,Tram,522850
2024,11,Nov,Monday,Normal Weekday,Bus (Metropolitan),352150
2024,11,Nov,Monday,Normal Weekday,Train (Metropolitan),504150
2024,11,Nov,Monday,Normal Weekday,Bus (Regional),27950
2024,11,Nov,Monday,Normal Weekday,Train (Regional),56850
2024,11,Nov,Monday,Normal Weekday,Tram,460500
2024,11,Nov,Saturday,Weekend,Bus (Metropolitan),201050
2024,11,Nov,Saturday,Weekend,Train (Metropolitan),337650
2024,11,Nov,Saturday,Weekend,Bus (Regional),17050
2024,11,Nov,Saturday,Weekend,Train (Regional),41950
2024,11,Nov,Saturday,Weekend,Tram,377900
2024,11,Nov,Sunday,Weekend,Bus (Metropolitan),139550
2024,11,Nov,Sunday,Weekend,Train (Metropolitan),229700
2024,11,Nov,Sunday,Weekend,Bus (Regional),11600
2024,11,Nov,Sunday,Weekend,Train (Regional),28250
2024,11,Nov,Sunday,Weekend,Tram,259700
2024,11,Nov,Thursday,Normal Weekday,Bus (Metropolitan),402600
2024,11,Nov,Thursday,Normal Weekday,Train (Metropolitan),631250
2024,11,Nov,Thursday,Normal Weekday,Bus (Regional),31500
2024,11,Nov,Thursday,Normal Weekday,Train (Regional),63200
2024,11,Nov,Thursday,Normal Weekday,Tram,546500
2024,11,Nov,Tuesday,Normal Weekday,Bus (Metropolitan),408050
2024,11,Nov,Tuesday,Normal Weekday,Train (Metropolitan),609450
2024,11,Nov,Tuesday,Normal Weekday,Bus (Regional),36150
2024,11,Nov,Tuesday,Normal Weekday,Train (Regional),64450
2024,11,Nov,Tuesday,Normal Weekday,Tram,544050
2024,11,Nov,Wednesday,Normal Weekday,Bus (Metropolitan),376800
2024,11,Nov,Wednesday,Normal Weekday,Train (Metropolitan),586750
2024,11,Nov,Wednesday,Normal Weekday,Bus (Regional),30000
2024,11,Nov,Wednesday,Normal Weekday,Train (Regional),65000
2024,11,Nov,Wednesday,Normal Weekday,Tram,527700
2024,12,Dec,Friday,Normal Weekday,Bus (Metropolitan),365350
2024,12,Dec,Friday,Normal Weekday,Train (Metropolitan),539600
2024,12,Dec,Friday,Normal Weekday,Bus (Regional),34250
2024,12,Dec,Friday,Normal Weekday,Train (Regional),62650
2024,12,Dec,Friday,Normal Weekday,Tram,543950
2024,12,Dec,Friday,School Holiday Weekday,Bus (Metropolitan),233600
2024,12,Dec,Friday,School Holiday Weekday,Train (Metropolitan),380950
2024,12,Dec,Friday,School Holiday Weekday,Bus (Regional),22800
2024,12,Dec,Friday,School Holiday Weekday,Train (Regional),54450
2024,12,Dec,Friday,School Holiday Weekday,Tram,353000
2024,12,Dec,Monday,Normal Weekday,Bus (Metropolitan),353700
2024,12,Dec,Monday,Normal Weekday,Train (Metropolitan),462800
2024,12,Dec,Monday,Normal Weekday,Bus (Regional),30600
2024,12,Dec,Monday,Normal Weekday,Train (Regional),52300
2024,12,Dec,Monday,Normal Weekday,Tram,449800
2024,12,Dec,Monday,School Holiday Weekday,Bus (Metropolitan),249900
2024,12,Dec,Monday,School Holiday Weekday,Train (Metropolitan),354400
2024,12,Dec,Monday,School Holiday Weekday,Bus (Regional),26350
2024,12,Dec,Monday,School Holiday Weekday,Train (Regional),47250
2024,12,Dec,Monday,School Holiday Weekday,Tram,351350
2024,12,Dec,Saturday,Weekend,Bus (Metropolitan),204850
2024,12,Dec,Saturday,Weekend,Train (Metropolitan),334350
2024,12,Dec,Saturday,Weekend,Bus (Regional),20100
2024,12,Dec,Saturday,Weekend,Train (Regional),41700
2024,12,Dec,Saturday,Weekend,Tram,402850
2024,12,Dec,Sunday,Weekend,Bus (Metropolitan),153350
2024,12,Dec,Sunday,Weekend,Train (Metropolitan),249750
2024,12,Dec,Sunday,Weekend,Bus (Regional),12550
2024,12,Dec,Sunday,Weekend,Train (Regional),30200
2024,12,Dec,Sunday,Weekend,Tram,310400
2024,12,Dec,Thursday,Normal Weekday,Bus (Metropolitan),398150
2024,12,Dec,Thursday,Normal Weekday,Train (Metropolitan),587650
2024,12,Dec,Thursday,Normal Weekday,Bus (Regional),35900
2024,12,Dec,Thursday,Normal Weekday,Train (Regional),63750
2024,12,Dec,Thursday,Normal Weekday,Tram,569350
2024,12,Dec,Tuesday,Normal Weekday,Bus (Metropolitan),395000
2024,12,Dec,Tuesday,Normal Weekday,Train (Metropolitan),573900
2024,12,Dec,Tuesday,Normal Weekday,Bus (Regional),34500
2024,12,Dec,Tuesday,Normal Weekday,Train (Regional),61950
2024,12,Dec,Tuesday,Normal Weekday,Tram,543500
2024,12,Dec,Tuesday,School Holiday Weekday,Bus (Metropolitan),222200
2024,12,Dec,Tuesday,School Holiday Weekday,Train (Metropolitan),300250
2024,12,Dec,Tuesday,School Holiday Weekday,Bus (Regional),22850
2024,12,Dec,Tuesday,School Holiday Weekday,Train (Regional),43100
2024,12,Dec,Tuesday,School Holiday Weekday,Tram,282600
2024,12,Dec,Wednesday,Normal Weekday,Bus (Metropolitan),402650
2024,12,Dec,Wednesday,Normal Weekday,Train (Metropolitan),604300
2024,12,Dec,Wednesday,Normal Weekday,Bus (Regional),35500
2024,12,Dec,Wednesday,Normal Weekday,Train (Regional),66600
2024,12,Dec,Wednesday,Normal Weekday,Tram,566950
2025,1,Jan,Friday,Normal Weekday,Bus (Metropolitan),368400
2025,1,Jan,Friday,Normal Weekday,Train (Metropolitan),503000
2025,1,Jan,Friday,Normal Weekday,Bus (Regional),33650
2025,1,Jan,Friday,Normal Weekday,Train (Regional),45650
2025,1,Jan,Friday,Normal Weekday,Tram,471700
2025,1,Jan,Friday,School Holiday Weekday,Bus (Metropolitan),294200
2025,1,Jan,Friday,School Holiday Weekday,Train (Metropolitan),427800
2025,1,Jan,Friday,School Holiday Weekday,Bus (Regional),25500
2025,1,Jan,Friday,School Holiday Weekday,Train (Regional),53300
2025,1,Jan,Friday,School Holiday Weekday,Tram,427000
2025,1,Jan,Monday,School Holiday Weekday,Bus (Metropolitan),289300
2025,1,Jan,Monday,School Holiday Weekday,Train (Metropolitan),443600
2025,1,Jan,Monday,School Holiday Weekday,Bus (Regional),22800
2025,1,Jan,Monday,School Holiday Weekday,Train (Regional),53100
2025,1,Jan,Monday,School Holiday Weekday,Tram,400600
2025,1,Jan,Saturday,Weekend,Bus (Metropolitan),187200
2025,1,Jan,Saturday,Weekend,Train (Metropolitan),297150
2025,1,Jan,Saturday,Weekend,Bus (Regional),15250
2025,1,Jan,Saturday,Weekend,Train (Regional),37400
2025,1,Jan,Saturday,Weekend,Tram,404850
2025,1,Jan,Sunday,Weekend,Bus (Metropolitan),128750
2025,1,Jan,Sunday,Weekend,Train (Metropolitan),246550
2025,1,Jan,Sunday,Weekend,Bus (Regional),8800
2025,1,Jan,Sunday,Weekend,Train (Regional),29300
2025,1,Jan,Sunday,Weekend,Tram,288200
2025,1,Jan,Thursday,Normal Weekday,Bus (Metropolitan),379750
2025,1,Jan,Thursday,Normal Weekday,Train (Metropolitan),575900
2025,1,Jan,Thursday,Normal Weekday,Bus (Regional),32700
2025,1,Jan,Thursday,Normal Weekday,Train (Regional),48700
2025,1,Jan,Thursday,Normal Weekday,Tram,485000
2025,1,Jan,Thursday,School Holiday Weekday,Bus (Metropolitan),312050
2025,1,Jan,Thursday,School Holiday Weekday,Train (Metropolitan),482300
2025,1,Jan,Thursday,School Holiday Weekday,Bus (Regional),25850
2025,1,Jan,Thursday,School Holiday Weekday,Train (Regional),59000
2025,1,Jan,Thursday,School Holiday Weekday,Tram,449050
2025,1,Jan,Tuesday,School Holiday Weekday,Bus (Metropolitan),336550
2025,1,Jan,Tuesday,School Holiday Weekday,Train (Metropolitan),527550
2025,1,Jan,Tuesday,School Holiday Weekday,Bus (Regional),26700
2025,1,Jan,Tuesday,School Holiday Weekday,Train (Regional),61000
2025,1,Jan,Tuesday,School Holiday Weekday,Tram,463600
2025,1,Jan,Wednesday,Normal Weekday,Bus (Metropolitan),359250
2025,1,Jan,Wednesday,Normal Weekday,Train (Metropolitan),539900
2025,1,Jan,Wednesday,Normal Weekday,Bus (Regional),30550
2025,1,Jan,Wednesday,Normal Weekday,Train (Regional),60600
2025,1,Jan,Wednesday,Normal Weekday,Tram,470650
2025,1,Jan,Wednesday,School Holiday Weekday,Bus (Metropolitan),324000
2025,1,Jan,Wednesday,School Holiday Weekday,Train (Metropolitan),519850
2025,1,Jan,Wednesday,School Holiday Weekday,Bus (Regional),27000
2025,1,Jan,Wednesday,School Holiday Weekday,Train (Regional),62800
2025,1,Jan,Wednesday,School Holiday Weekday,Tram,469200
2025,2,Feb,Friday,Normal Weekday,Bus (Metropolitan),380750
2025,2,Feb,Friday,Normal Weekday,Train (Metropolitan),554150
2025,2,Feb,Friday,Normal Weekday,Bus (Regional),35750
2025,2,Feb,Friday,Normal Weekday,Train (Regional),61900
2025,2,Feb,Friday,Normal Weekday,Tram,492550
2025,2,Feb,Monday,Normal Weekday,Bus (Metropolitan),375550
2025,2,Feb,Monday,Normal Weekday,Train (Metropolitan),523050
2025,2,Feb,Monday,Normal Weekday,Bus (Regional),33800
2025,2,Feb,Monday,Normal Weekday,Train (Regional),53400
2025,2,Feb,Monday,Normal Weekday,Tram,442850
2025,2,Feb,Saturday,Weekend,Bus (Metropolitan),200100
2025,2,Feb,Saturday,Weekend,Train (Metropolitan),309650
2025,2,Feb,Saturday,Weekend,Bus (Regional),16150
2025,2,Feb,Saturday,Weekend,Train (Regional),38150
2025,2,Feb,Saturday,Weekend,Tram,475350
2025,2,Feb,Sunday,Weekend,Bus (Metropolitan),140500
2025,2,Feb,Sunday,Weekend,Train (Metropolitan),217550
2025,2,Feb,Sunday,Weekend,Bus (Regional),9750
2025,2,Feb,Sunday,Weekend,Train (Regional),26500
2025,2,Feb,Sunday,Weekend,Tram,342250
2025,2,Feb,Thursday,Normal Weekday,Bus (Metropolitan),400300
2025,2,Feb,Thursday,Normal Weekday,Train (Metropolitan),623000
2025,2,Feb,Thursday,Normal Weekday,Bus (Regional),37050
2025,2,Feb,Thursday,Normal Weekday,Train (Regional),65500
2025,2,Feb,Thursday,Normal Weekday,Tram,508850
2025,2,Feb,Tuesday,Normal Weekday,Bus (Metropolitan),399050
2025,2,Feb,Tuesday,Normal Weekday,Train (Metropolitan),614800
2025,2,Feb,Tuesday,Normal Weekday,Bus (Regional),34850
2025,2,Feb,Tuesday,Normal Weekday,Train (Regional),64100
2025,2,Feb,Tuesday,Normal Weekday,Tram,496600
2025,2,Feb,Wednesday,Normal Weekday,Bus (Metropolitan),398500
2025,2,Feb,Wednesday,Normal Weekday,Train (Metropolitan),613650
2025,2,Feb,Wednesday,Normal Weekday,Bus (Regional),35500
2025,2,Feb,Wednesday,Normal Weekday,Train (Regional),65000
2025,2,Feb,Wednesday,Normal Weekday,Tram,506300
2025,3,Mar,Friday,Normal Weekday,Bus (Metropolitan),412850
2025,3,Mar,Friday,Normal Weekday,Train (Metropolitan),660000
2025,3,Mar,Friday,Normal Weekday,Bus (Regional),37200
2025,3,Mar,Friday,Normal Weekday,Train (Regional),71500
2025,3,Mar,Friday,Normal Weekday,Tram,519800
2025,3,Mar,Monday,Normal Weekday,Bus (Metropolitan),417000
2025,3,Mar,Monday,Normal Weekday,Train (Metropolitan),601350
2025,3,Mar,Monday,Normal Weekday,Bus (Regional),37150
2025,3,Mar,Monday,Normal Weekday,Train (Regional),59500
2025,3,Mar,Monday,Normal Weekday,Tram,490350
2025,3,Mar,Saturday,Weekend,Bus (Metropolitan),221400
2025,3,Mar,Saturday,Weekend,Train (Metropolitan),388550
2025,3,Mar,Saturday,Weekend,Bus (Regional),18700
2025,3,Mar,Saturday,Weekend,Train (Regional),47550
2025,3,Mar,Saturday,Weekend,Tram,527700
2025,3,Mar,Sunday,Weekend,Bus (Metropolitan),147100
2025,3,Mar,Sunday,Weekend,Train (Metropolitan),256850
2025,3,Mar,Sunday,Weekend,Bus (Regional),11000
2025,3,Mar,Sunday,Weekend,Train (Regional),31050
2025,3,Mar,Sunday,Weekend,Tram,361850
2025,3,Mar,Thursday,Normal Weekday,Bus (Metropolitan),441750
2025,3,Mar,Thursday,Normal Weekday,Train (Metropolitan),747100
2025,3,Mar,Thursday,Normal Weekday,Bus (Regional),39150
2025,3,Mar,Thursday,Normal Weekday,Train (Regional),75650
2025,3,Mar,Thursday,Normal Weekday,Tram,552550
2025,3,Mar,Tuesday,Normal Weekday,Bus (Metropolitan),446750
2025,3,Mar,Tuesday,Normal Weekday,Train (Metropolitan),699400
2025,3,Mar,Tuesday,Normal Weekday,Bus (Regional),39750
2025,3,Mar,Tuesday,Normal Weekday,Train (Regional),70000
2025,3,Mar,Tuesday,Normal Weekday,Tram,543100
2025,3,Mar,Wednesday,Normal Weekday,Bus (Metropolitan),442250
2025,3,Mar,Wednesday,Normal Weekday,Train (Metropolitan),702550
2025,3,Mar,Wednesday,Normal Weekday,Bus (Regional),39300
2025,3,Mar,Wednesday,Normal Weekday,Train (Regional),71200
2025,3,Mar,Wednesday,Normal Weekday,Tram,547700
2025,4,Apr,Friday,Normal Weekday,Bus (Metropolitan),393200
2025,4,Apr,Friday,Normal Weekday,Train (Metropolitan),580950
2025,4,Apr,Friday,Normal Weekday,Bus (Regional),32150
2025,4,Apr,Friday,Normal Weekday,Train (Regional),55550
2025,4,Apr,Friday,Normal Weekday,Tram,500400
2025,4,Apr,Friday,School Holiday Weekday,Bus (Metropolitan),369700
2025,4,Apr,Friday,School Holiday Weekday,Train (Metropolitan),568750
2025,4,Apr,Friday,School Holiday Weekday,Bus (Regional),30550
2025,4,Apr,Friday,School Holiday Weekday,Train (Regional),58900
2025,4,Apr,Friday,School Holiday Weekday,Tram,511950
2025,4,Apr,Monday,Normal Weekday,Bus (Metropolitan),404100
2025,4,Apr,Monday,Normal Weekday,Train (Metropolitan),568450
2025,4,Apr,Monday,Normal Weekday,Bus (Regional),36050
2025,4,Apr,Monday,Normal Weekday,Train (Regional),61400
2025,4,Apr,Monday,Normal Weekday,Tram,458050
2025,4,Apr,Monday,School Holiday Weekday,Bus (Metropolitan),370300
2025,4,Apr,Monday,School Holiday Weekday,Train (Metropolitan),532400
2025,4,Apr,Monday,School Holiday Weekday,Bus (Regional),29700
2025,4,Apr,Monday,School Holiday Weekday,Train (Regional),59650
2025,4,Apr,Monday,School Holiday Weekday,Tram,465150
2025,4,Apr,Saturday,Weekend,Bus (Metropolitan),216500
2025,4,Apr,Saturday,Weekend,Train (Metropolitan),329750
2025,4,Apr,Saturday,Weekend,Bus (Regional),18200
2025,4,Apr,Saturday,Weekend,Train (Regional),40200
2025,4,Apr,Saturday,Weekend,Tram,454000
2025,4,Apr,Sunday,Weekend,Bus (Metropolitan),151150
2025,4,Apr,Sunday,Weekend,Train (Metropolitan),271950
2025,4,Apr,Sunday,Weekend,Bus (Regional),10850
2025,4,Apr,Sunday,Weekend,Train (Regional),33000
2025,4,Apr,Sunday,Weekend,Tram,321350
2025,4,Apr,Thursday,Normal Weekday,Bus (Metropolitan),401150
2025,4,Apr,Thursday,Normal Weekday,Train (Metropolitan),672100
2025,4,Apr,Thursday,Normal Weekday,Bus (Regional),36550
2025,4,Apr,Thursday,Normal Weekday,Train (Regional),63800
2025,4,Apr,Thursday,Normal Weekday,Tram,511900
2025,4,Apr,Thursday,School Holiday Weekday,Bus (Metropolitan),400000
2025,4,Apr,Thursday,School Holiday Weekday,Train (Metropolitan),598450
2025,4,Apr,Thursday,School Holiday Weekday,Bus (Regional),32400
2025,4,Apr,Thursday,School Holiday Weekday,Train (Regional),68100
2025,4,Apr,Thursday,School Holiday Weekday,Tram,534000
2025,4,Apr,Tuesday,Normal Weekday,Bus (Metropolitan),399850
2025,4,Apr,Tuesday,Normal Weekday,Train (Metropolitan),608100
2025,4,Apr,Tuesday,Normal Weekday,Bus (Regional),36150
2025,4,Apr,Tuesday,Normal Weekday,Train (Regional),62550
2025,4,Apr,Tuesday,Normal Weekday,Tram,488100
2025,4,Apr,Tuesday,School Holiday Weekday,Bus (Metropolitan),400850
2025,4,Apr,Tuesday,School Holiday Weekday,Train (Metropolitan),623500
2025,4,Apr,Tuesday,School Holiday Weekday,Bus (Regional),31850
2025,4,Apr,Tuesday,School Holiday Weekday,Train (Regional),68050
2025,4,Apr,Tuesday,School Holiday Weekday,Tram,540650
2025,4,Apr,Wednesday,Normal Weekday,Bus (Metropolitan),412400
2025,4,Apr,Wednesday,Normal Weekday,Train (Metropolitan),620050
2025,4,Apr,Wednesday,Normal Weekday,Bus (Regional),36950
2025,4,Apr,Wednesday,Normal Weekday,Train (Regional),64100
2025,4,Apr,Wednesday,Normal Weekday,Tram,512100
2025,4,Apr,Wednesday,School Holiday Weekday,Bus (Metropolitan),396800
2025,4,Apr,Wednesday,School Holiday Weekday,Train (Metropolitan),639700
2025,4,Apr,Wednesday,School Holiday Weekday,Bus (Regional),32500
2025,4,Apr,Wednesday,School Holiday Weekday,Train (Regional),66950
2025,4,Apr,Wednesday,School Holiday Weekday,Tram,544850
2025,5,May,Friday,Normal Weekday,Bus (Metropolitan),381900
2025,5,May,Friday,Normal Weekday,Train (Metropolitan),606250
2025,5,May,Friday,Normal Weekday,Bus (Regional),32500
2025,5,May,Friday,Normal Weekday,Train (Regional),65500
2025,5,May,Friday,Normal Weekday,Tram,484400
2025,5,May,Monday,Normal Weekday,Bus (Metropolitan),388750
2025,5,May,Monday,Normal Weekday,Train (Metropolitan),559650
2025,5,May,Monday,Normal Weekday,Bus (Regional),32300
2025,5,May,Monday,Normal Weekday,Train (Regional),59500
2025,5,May,Monday,Normal Weekday,Tram,445300
2025,5,May,Saturday,Weekend,Bus (Metropolitan),209450
2025,5,May,Saturday,Weekend,Train (Metropolitan),372250
2025,5,May,Saturday,Weekend,Bus (Regional),16100
2025,5,May,Saturday,Weekend,Train (Regional),46600
2025,5,May,Saturday,Weekend,Tram,456550
2025,5,May,Sunday,Weekend,Bus (Metropolitan),150650
2025,5,May,Sunday,Weekend,Train (Metropolitan),283450
2025,5,May,Sunday,Weekend,Bus (Regional),9700
2025,5,May,Sunday,Weekend,Train (Regional),34950
2025,5,May,Sunday,Weekend,Tram,338750
2025,5,May,Thursday,Normal Weekday,Bus (Metropolitan),414850
2025,5,May,Thursday,Normal Weekday,Train (Metropolitan),658600
2025,5,May,Thursday,Normal Weekday,Bus (Regional),35600
2025,5,May,Thursday,Normal Weekday,Train (Regional),69900
2025,5,May,Thursday,Normal Weekday,Tram,517950
2025,5,May,Tuesday,Normal Weekday,Bus (Metropolitan),411300
2025,5,May,Tuesday,Normal Weekday,Train (Metropolitan),656300
2025,5,May,Tuesday,Normal Weekday,Bus (Regional),34050
2025,5,May,Tuesday,Normal Weekday,Train (Regional),68700
2025,5,May,Tuesday,Normal Weekday,Tram,499650
2025,5,May,Wednesday,Normal Weekday,Bus (Metropolitan),387700
2025,5,May,Wednesday,Normal Weekday,Train (Metropolitan),642000
2025,5,May,Wednesday,Normal Weekday,Bus (Regional),31450
2025,5,May,Wednesday,Normal Weekday,Train (Regional),69000
2025,5,May,Wednesday,Normal Weekday,Tram,503650
2025,6,Jun,Friday,Normal Weekday,Bus (Metropolitan),352450
2025,6,Jun,Friday,Normal Weekday,Train (Metropolitan),504500
2025,6,Jun,Friday,Normal Weekday,Bus (Regional),31300
2025,6,Jun,Friday,Normal Weekday,Train (Regional),57200
2025,6,Jun,Friday,Normal Weekday,Tram,420650
2025,6,Jun,Monday,Normal Weekday,Bus (Metropolitan),345600
2025,6,Jun,Monday,Normal Weekday,Train (Metropolitan),499650
2025,6,Jun,Monday,Normal Weekday,Bus (Regional),29000
2025,6,Jun,Monday,Normal Weekday,Train (Regional),54400
2025,6,Jun,Monday,Normal Weekday,Tram,387000
2025,6,Jun,Saturday,Weekend,Bus (Metropolitan),192500
2025,6,Jun,Saturday,Weekend,Train (Metropolitan),333750
2025,6,Jun,Saturday,Weekend,Bus (Regional),15300
2025,6,Jun,Saturday,Weekend,Train (Regional),43100
2025,6,Jun,Saturday,Weekend,Tram,391500
2025,6,Jun,Sunday,Weekend,Bus (Metropolitan),134750
2025,6,Jun,Sunday,Weekend,Train (Metropolitan),235200
2025,6,Jun,Sunday,Weekend,Bus (Regional),8550
2025,6,Jun,Sunday,Weekend,Train (Regional),29700
2025,6,Jun,Sunday,Weekend,Tram,284900
2025,6,Jun,Thursday,Normal Weekday,Bus (Metropolitan),382600
2025,6,Jun,Thursday,Normal Weekday,Train (Metropolitan),598950
2025,6,Jun,Thursday,Normal Weekday,Bus (Regional),34200
2025,6,Jun,Thursday,Normal Weekday,Train (Regional),63900
2025,6,Jun,Thursday,Normal Weekday,Tram,466150
2025,6,Jun,Tuesday,Normal Weekday,Bus (Metropolitan),364500
2025,6,Jun,Tuesday,Normal Weekday,Train (Metropolitan),572950
2025,6,Jun,Tuesday,Normal Weekday,Bus (Regional),30550
2025,6,Jun,Tuesday,Normal Weekday,Train (Regional),60900
2025,6,Jun,Tuesday,Normal Weekday,Tram,433000
2025,6,Jun,Wednesday,Normal Weekday,Bus (Metropolitan),367550
2025,6,Jun,Wednesday,Normal Weekday,Train (Metropolitan),574400
2025,6,Jun,Wednesday,Normal Weekday,Bus (Regional),30700
2025,6,Jun,Wednesday,Normal Weekday,Train (Regional),61750
2025,6,Jun,Wednesday,Normal Weekday,Tram,448550
